Product ID,Height (cm),Width (cm),Depth (cm),Avg Daily Demand,Product Category
P20106,35.43600155,22.62256938,33.6578847,49.12350782,Electronics
P41070,28.55639588,24.46152849,44.91277935,16.09463812,Electronics
P29033,28.38714288,16.13805182,18.43357777,17.2357522,Food
P47714,23.28376632,24.27703269,26.85725594,6.472163267,Clothing
P14692,9.607678222,23.97359379,37.11603181,15.73761553,Food
P66892,32.59882794,11.50085177,28.89036656,69.11974049,Clothing
P27991,41.89470489,21.52508473,24.49671596,112.5413876,Electronics
P55994,35.43298029,28.18967637,16.27230652,31.88423206,Toys
P74441,27.18215391,26.79281689,29.32817283,2.40687074,Toys
P82361,21.84189715,17.06540471,30.47421573,1.059946687,Electronics
P29514,35.70890511,28.85664535,35.651443,31.74947706,Clothing
P95243,17.03168052,18.47597515,24.14658192,3.666984553,Furniture
P84933,34.86501644,8.758481226,15.30988785,85.90732846,Food
P11540,28.85460155,20.26237596,45.44304771,70.12733745,Electronics
P72074,41.17295832,31.89796924,19.49753277,91.98459281,Toys
P77759,29.59842049,25.46663194,43.13747599,40.19980257,Food
P85981,33.46488476,16.06478042,25.65051069,63.76982005,Electronics
P71987,16.19898542,23.74154537,13.51326025,86.89971105,Food
P88033,43.80091354,36.70754218,28.53976345,89.84170667,Food
P91251,36.77925871,2.094150133,26.41415127,22.11005803,Furniture
P73955,37.21672064,18.47968772,14.92408484,56.5597792,Furniture
P11982,45.86016816,20.26237596,5.628548099,0.720148828,Electronics
P82065,25.53816567,22.43054876,28.20102054,44.90442927,Electronics
P91013,15.84629258,18.53682847,24.5162334,43.52118439,Food
P36692,28.03650151,19.4918034,21.51374232,96.20971939,Clothing
P17411,20.31655545,24.89975035,24.43189288,44.95222597,Toys
P08797,26.3716144,33.39593947,26.64250928,56.30909121,Food
P02770,27.24948303,24.74845378,24.17740398,95.86243552,Toys
P18583,41.487657,12.59660299,16.44180343,31.26468635,Toys
P35638,31.70865438,14.80501569,19.40168675,138.0697371,Electronics
P19795,12.97416396,27.14077871,26.30557371,42.29164625,Toys
P88961,20.96092359,23.6379273,7.040213976,47.60274642,Furniture
P01414,43.99355437,24.56490398,17.22855756,71.09427627,Food
P54326,17.62184501,26.08044771,32.88810081,49.57188941,Food
P22255,32.24684726,6.76090051,24.69467297,97.71210706,Electronics
P02202,16.5287371,3.327096484,16.89395756,2.865429466,Electronics
P51024,46.28396623,26.83180781,25.43740292,52.96801361,Electronics
P55072,10.24533434,33.63284413,34.32672603,0.234083814,Clothing
P89057,20.81348054,19.42720599,20.24532658,49.2121762,Furniture
P08578,29.6528823,22.39002327,23.25157781,84.38082725,Food
P17412,19.53089017,19.63590204,29.38574713,47.89338915,Food
P43915,22.27174785,22.65584264,10.09039113,121.6511598,Furniture
P85642,29.81486864,31.1397224,25.70719327,76.12239934,Clothing
P48227,32.54420843,17.57019177,47.60400896,41.86055066,Food
P06891,19.78767183,18.94821923,36.24554411,48.28876499,Food
P30456,17.63049289,18.50284588,18.63136695,8.217935835,Toys
P12076,26.8359155,7.611053609,15.28237311,24.91724989,Furniture
P78355,25.54497479,19.95523185,18.9689632,55.95180552,Food
P96889,39.68644991,0,31.83741066,55.88722822,Clothing
P29400,31.39126122,20.19122435,0,58.96393341,Clothing
P05309,30.56649925,26.54311726,22.95271366,52.04216808,Electronics
P47706,38.6960592,13.04269535,43.44830886,57.44975428,Electronics
P35407,33.07406698,26.95323674,8.96957427,20.99894328,Clothing
P52994,35.57810306,17.43005787,28.45091528,24.74535104,Food
P88811,22.03104745,28.96824534,27.81818926,82.13241501,Furniture
P41237,35.52489954,9.502246453,10.90916772,27.64496689,Clothing
P09603,29.29501222,19.60882253,35.98254607,16.55533438,Furniture
P89068,36.79597749,34.70546941,24.64882433,50.58032212,Food
P17016,5.761206734,31.62608531,38.02575129,49.40616966,Furniture
P92196,17.19695601,33.99667123,28.41237807,31.94166674,Toys
P85912,27.19324923,4.298994467,29.42355083,50.60319401,Toys
P92283,25.53485048,24.69355041,21.31282067,47.51854928,Furniture
P92557,13.0753537,23.50780591,30.36797024,63.08017326,Clothing
P99536,30.052437,29.3849971,26.75933558,19.17789345,Electronics
P99063,33.08833013,29.64795613,20.54531068,54.09792187,Furniture
P01748,34.3693817,31.81547541,42.5350838,5.194706652,Clothing
P44974,31.39126122,19.39753496,33.81000603,1.057066901,Clothing
P76964,34.04981711,28.00836874,8.278886937,52.93439879,Food
P57938,28.48214905,17.52632738,22.02891915,71.92876929,Furniture
P55597,31.96861236,0,23.14049848,72.98728925,Furniture
P44186,27.96954614,19.92559743,38.19886773,49.33895408,Clothing
P15156,29.74973041,19.06587267,25.39922918,83.09652716,Clothing
P35409,1.037446218,24.95769157,17.99046661,46.8923944,Toys
P18358,21.91506397,23.430532,23.32738823,44.35215995,Furniture
P33172,33.95803533,4.960604919,26.63126046,62.19866103,Clothing
P75154,23.98632356,19.6855417,36.55686215,59.94943001,Toys
P88675,38.70067731,18.38806773,39.02910266,81.15818208,Electronics
P34603,26.51347866,22.97684378,30.70294922,107.0080527,Toys
P35158,34.90974952,6.8841267,21.93461164,87.33695481,Clothing
P26752,32.81191424,24.65621254,23.55431992,51.3801916,Furniture
P87321,36.33919022,7.069515133,26.70531839,78.73518893,Food
P18347,31.39126122,13.63179315,16.49043808,8.48115266,Clothing
P07348,51.89802933,6.532494462,29.55368998,29.55859295,Clothing
P98120,28.23052773,18.75281458,24.5162334,12.73260399,Food
P31278,15.81634267,19.01832853,28.78629668,26.08659301,Clothing
P29552,27.63181393,21.52399744,20.27996677,85.52769936,Food
P20972,20.77834676,12.78358757,18.52801494,65.05055136,Food
P48017,40.22570432,23.70565034,21.10503505,35.37099737,Toys
P77816,38.65755194,29.29502642,34.52855677,62.44318672,Electronics
P01014,31.50418905,24.79035512,39.66677918,34.67032489,Toys
P59475,32.5049285,24.63706539,32.57785326,42.54152439,Clothing
P94091,34.13799097,31.85330722,35.60661421,31.88485108,Toys
P74769,24.1947655,29.78466454,19.77985301,91.04238051,Toys
P71926,30.4886007,21.99446877,25.99481786,39.70382219,Electronics
P96297,40.47098303,20.43947289,18.80003012,78.57385912,Food
P78211,26.72337853,19.39753496,28.77648975,15.14714214,Clothing
P23112,34.97998291,18.28063176,14.24235613,90.80347701,Toys
P31646,26.62914029,17.60129443,19.18985135,37.39916818,Food
P96903,30.21003842,12.8704622,28.74801434,42.56742745,Electronics
P62766,32.08382808,19.88929803,9.797352658,37.6692519,Food
P04534,37.74634053,30.51931563,37.92701865,71.65710456,Food
P74114,42.130977,16.07077002,6.80381224,59.24029707,Furniture
P58428,20.22444755,3.969101085,28.81954544,111.2653373,Food
P66653,27.80328112,21.60455358,35.80478493,56.28410251,Clothing
P93000,9.748574133,11.57054065,34.06699576,53.02776766,Electronics
P10893,35.77072127,20.00165652,31.18359216,12.23459053,Furniture
P85460,23.74437298,7.312133502,18.35748625,20.8170645,Toys
P46598,17.54261221,9.232162558,19.44122491,65.80693771,Toys
P06246,16.10427533,24.77782575,22.58218822,50.22088044,Toys
P32036,18.96633394,16.35103338,38.58217912,2.416650009,Clothing
P62040,50.06092888,20.61984415,40.09639379,55.14407953,Food
P13828,36.09138121,14.02737323,20.28641828,45.07274045,Toys
P42731,29.17848822,25.45641653,19.77416528,79.28122158,Electronics
P17611,21.60782477,27.30867701,24.44328138,19.83195873,Toys
P59395,26.73976468,19.17422598,35.75132998,9.768058601,Clothing
P41929,25.65503773,35.96533992,16.96491236,42.28099998,Clothing
P88127,26.78614158,20.86847765,23.65927621,27.23704226,Furniture
P29355,25.06243417,11.10426379,26.01826411,8.720157674,Toys
P79904,18.16741487,10.16360324,29.1989078,82.89641355,Furniture
P80376,26.14686403,14.46063216,29.98651994,45.3011144,Clothing
P66702,27.0830625,11.04306053,25.30996911,33.47054589,Toys
P75259,23.48581996,20.68714405,20.67249589,65.13745443,Toys
P94210,45.00759791,22.24509124,21.50487756,9.554688637,Clothing
P82226,30.0304602,7.866859605,26.72707962,14.10326214,Clothing
P11096,26.06661188,21.41456698,23.82945736,38.08030242,Furniture
P86871,30.76005391,13.56547392,22.41885188,65.49933338,Furniture
P15644,28.91239852,26.34790976,8.854967519,29.38957701,Electronics
P72109,47.02214945,26.21925882,20.52184752,50.76155834,Toys
P01522,14.49336569,23.87786254,24.19689261,3.6518796,Toys
P47012,18.96791634,21.71770547,17.40108367,54.99967452,Food
P69224,38.89630796,15.06197451,23.88643948,43.38385313,Food
P41567,15.3562512,27.34763555,23.00638063,39.38942721,Clothing
P35191,10.40329876,15.73839328,26.53417394,40.89949798,Toys
P05950,42.62584103,39.2934134,25.0119312,38.18039956,Furniture
P34913,32.68592279,20.05545201,7.45394454,6.203239119,Toys
P08564,31.50393786,22.24128927,19.92447261,35.77465475,Toys
P05486,38.33528962,32.5841578,26.89601619,13.00696085,Clothing
P85375,41.72729019,20.02700405,29.03772188,47.14568016,Toys
P44920,27.65863043,16.37417561,12.98066588,61.38216193,Food
P31726,4.089577079,20.52409675,31.4428547,3.946442182,Furniture
P27118,45.73986763,17.63928069,33.61032868,125.0270149,Food
P32652,20.6217496,18.06993876,18.90704375,46.14021661,Toys
P23156,29.75645408,22.93985332,8.333415416,72.60258391,Clothing
P27718,38.49602097,25.37072061,28.04221133,57.92804815,Electronics
P49520,34.40474738,31.45093425,20.53709645,65.71881536,Furniture
P44112,26.34678449,24.06614912,32.55697478,63.52887904,Electronics
P68946,34.73592431,28.23968654,38.45444405,75.13292665,Furniture
P98068,20.60120214,19.76589749,17.75530167,9.961681793,Clothing
P06196,23.90217096,19.45092763,36.55435174,50.02266522,Electronics
P65732,40.7363175,28.37854165,41.69952983,51.01708171,Toys
P90908,40.78680833,18.2638636,10.45701891,86.71846259,Toys
P85502,46.96456368,19.99433124,25.35502343,51.86994049,Electronics
P60938,21.64652947,15.26115235,27.92012744,66.67824355,Furniture
P01452,54.03415585,20.26237596,22.81571127,44.94845233,Electronics
P08145,25.12393776,16.19023301,30.76488642,71.28057543,Clothing
P55901,18.75357908,37.85040117,21.3723161,89.75828271,Toys
P86677,29.87753227,25.66571539,33.22394459,76.06317502,Furniture
P02753,35.83928185,18.15679429,5.23484961,90.53047257,Furniture
P55148,38.94924377,8.805550602,8.265969055,61.9414465,Clothing
P26134,34.44263311,24.70842616,23.6345701,101.935089,Electronics
P96702,29.29834289,15.21991844,26.62956468,31.84531293,Clothing
P60452,30.5963037,17.34953293,25.16215185,54.96210981,Electronics
P23804,41.79297184,18.65484945,13.36637188,90.5334227,Electronics
P74550,14.84255885,9.178637713,24.44328138,53.42304477,Toys
P28696,11.95117899,21.47079636,14.43508032,12.96464005,Food
P75268,19.07687235,18.5858067,12.77283386,70.92760911,Electronics
P09599,28.26928176,11.2829357,11.32980257,72.81518359,Toys
P76319,32.78994162,27.08185186,20.66410626,42.14725129,Food
P47891,12.39191188,20.74697899,19.79871301,51.22774246,Food
P02427,24.96524346,26.8221894,21.2965617,62.75963925,Electronics
P19187,32.67050266,26.711524,21.55464529,4.69876364,Clothing
P15731,39.82690984,12.36848464,23.56573991,86.07729516,Electronics
P32224,16.79543387,27.88583997,18.59043522,49.2121762,Furniture
P45908,27.90676323,12.72253266,30.81405568,20.59813094,Food
P39972,30.2609105,0,30.42922751,83.1180064,Food
P80351,32.40753179,23.73336786,35.34704817,28.50279535,Clothing
P49813,15.93338903,27.3732009,11.73281081,62.71668447,Electronics
P38628,31.28104415,28.58382438,26.48638544,95.46334425,Clothing
P66913,21.02745629,21.86572905,11.08843192,14.40990719,Clothing
P94584,20.60664606,29.97513372,19.64018558,46.7292974,Food
P95876,29.1087996,17.2544618,39.29764235,28.15484297,Furniture
P74744,34.43819428,32.89822606,35.68061158,30.03733106,Clothing
P52455,36.4537595,36.59266136,9.015894214,63.42181811,Toys
P49478,23.7730048,30.72360357,22.40765013,44.8922526,Electronics
P83589,47.26963851,25.85993682,17.39361437,109.7411126,Toys
P14991,42.66911149,18.90041188,17.07038497,5.082270645,Electronics
P83303,20.26931059,25.45087608,35.75932586,3.817633396,Food
P38848,27.35343167,27.98648719,33.77781213,75.84309577,Food
P32282,41.90646275,10.65776359,34.22598237,13.71842748,Clothing
P27396,45.23029856,19.97300434,41.98918892,62.38996736,Electronics
P81789,22.81555779,27.7556576,31.11038161,33.14473702,Toys
P47023,27.742237,24.65678163,20.83154774,82.22999014,Food
P19344,45.93186627,20.17972714,42.07990315,70.67493371,Food
P44577,46.69021525,20.40710161,23.35687923,66.092417,Electronics
P62769,34.77040827,8.411268683,18.65744408,34.00728794,Electronics
P14497,26.89733243,14.24677345,16.15926778,23.76693055,Clothing
P63303,31.94089993,9.388222974,24.46526337,14.62675357,Food
P73992,26.15444456,15.92829099,17.68837886,29.39853971,Clothing
P05253,28.65982833,9.053479689,36.65487026,70.57573456,Toys
P47765,9.618754648,0.489462734,27.06167219,50.94187597,Electronics
P23978,30.99651365,20.54284408,25.65412472,82.88209722,Clothing
P25453,20.1039518,10.55349748,17.49109259,41.78812243,Clothing
P79269,31.20295632,10.44859995,22.99772593,58.03530914,Electronics
P56250,70.19010106,24.82549945,21.26307609,188.5545774,Food
P31356,33.33662105,10.88933506,11.68500199,101.1230623,Furniture
P32011,31.39126122,22.58534171,29.08157841,65.02494773,Clothing
P71312,25.28961694,21.27885114,16.31765117,84.99111637,Furniture
P15112,51.43944089,26.39953522,13.47589986,58.72842093,Clothing
P11762,32.01099047,23.65824324,20.90684754,61.71098583,Furniture
P11130,26.07891847,1.096540516,17.22505335,49.75660395,Clothing
P69884,33.7405657,18.79329831,15.17537345,9.320889654,Electronics
P15460,47.2754317,27.37441202,18.89221245,24.30954445,Clothing
P64784,28.273727,39.41373189,33.39191384,39.04277068,Electronics
P81664,48.26009714,18.50136785,18.01150774,59.63874412,Food
P80981,31.91099068,33.38761672,39.53300912,24.45380061,Furniture
P44757,8.761042757,10.12520902,26.91316628,24.42839702,Electronics
P69613,30.2609105,27.5005611,20.19759724,45.75411088,Food
P86372,28.13028697,4.578619365,21.97102669,42.04287379,Toys
P40783,34.93317901,27.09509912,25.93094316,37.62562964,Furniture
P20713,31.53725106,14.57804024,8.051648127,88.17710489,Electronics
P19659,31.29221182,15.89429147,31.61173791,65.58076237,Food
P07127,25.59955513,20.98563845,27.0830133,80.88239303,Toys
P52453,32.61055272,36.45996376,30.25189873,88.73821517,Clothing
P17327,28.9296964,2.914606288,34.79892689,44.12904407,Electronics
P88743,31.70416222,18.72763832,22.14384557,32.26165972,Toys
P88255,30.91760777,14.12326739,27.10622009,33.00816226,Toys
P36836,29.79098406,5.57488259,34.90739259,42.11759757,Food
P57425,25.88123034,13.44593712,24.7094745,16.35409558,Electronics
P85287,22.21695275,28.06010952,4.154705233,78.73796166,Electronics
P77764,15.91538704,9.653816337,17.46771367,73.12250629,Clothing
P59984,44.46977884,21.84056607,17.29151586,25.84714457,Toys
P57729,35.59790448,16.2847659,29.17932877,98.56362919,Toys
P63376,30.40591691,28.36070779,19.36316251,12.57377317,Food
P06506,27.790304,20.71664545,12.96947105,42.92866265,Clothing
P25972,37.46253566,26.63785934,12.33866491,84.50802188,Electronics
P64503,16.40143859,9.603350105,36.92888898,4.053940543,Clothing
P44980,47.1170848,23.66709363,20.08562381,56.24967526,Electronics
P21702,32.23884024,18.4717779,33.05182469,74.50511034,Electronics
P08690,30.55724912,25.72305052,11.11478636,54.48793873,Food
P91870,16.64655641,14.57948278,22.05973408,69.77163032,Furniture
P44827,15.7774629,24.10468336,20.36303446,99.07393418,Food
P33199,23.53427116,25.80076629,38.77175679,43.36872609,Electronics
P32896,32.33785912,23.09058654,29.43687813,49.46315069,Clothing
P62611,19.73484701,29.35671994,27.0181127,14.28776793,Food
P63088,13.9355368,14.9862622,21.74820494,58.60322337,Furniture
P51944,24.81729782,20.4934388,14.94532184,73.52008338,Furniture
P02323,36.141667,18.42129264,21.29358968,21.81610274,Clothing
P43151,35.6390912,10.13981348,22.78254938,71.49768019,Clothing
P15499,27.65846625,18.63852302,30.00897812,43.57796907,Clothing
P99095,25.39361229,12.01291649,35.43166658,46.98572838,Electronics
P61728,27.65412867,14.17597647,30.21871557,89.30575724,Electronics
P43517,50.5620713,19.07016766,28.15333195,70.17168013,Electronics
P89025,25.32298799,19.39753496,14.29690781,58.19355303,Clothing
P11952,30.26885839,4.64261475,18.02846527,38.46629363,Electronics
P72651,44.53534077,32.17052842,20.48738068,83.17499199,Electronics
P27107,33.31263431,31.94150855,14.18065427,33.87062727,Electronics
P49592,30.2609105,14.81966555,40.32855349,50.40351094,Food
P73907,24.26337993,11.10833634,21.75964658,58.19032152,Toys
P59181,37.42095372,0,19.53274941,5.636686285,Clothing
P14962,34.19019009,13.93374345,37.82046239,40.05705886,Clothing
P31151,25.5570674,7.569929872,28.02530467,26.99407886,Food
P82517,33.91804005,18.155803,22.08338642,34.45792942,Furniture
P64583,22.99879185,19.6521844,10.49589377,47.14568016,Toys
P57783,39.84322398,20.05650527,16.28758817,39.58440515,Toys
P21002,51.63254723,10.81389369,18.36906878,83.55649833,Furniture
P78411,29.84690151,15.75028564,27.76663213,87.30217392,Clothing
P04096,38.35692112,14.44229495,27.97766174,64.97287448,Clothing
P65766,38.52433335,33.68490698,33.44123984,71.04484346,Electronics
P77398,10.33643411,22.01792317,14.80493544,24.1781251,Food
P30739,20.73069528,33.11971623,22.85700607,11.90004208,Furniture
P06506,32.19150328,32.30345535,26.96680638,34.29272035,Clothing
P37524,40.49552715,9.19140507,20.60553542,43.18681977,Toys
P09031,41.88393273,22.08224405,23.23347414,33.28608282,Furniture
P18015,12.75082167,19.33855451,19.74760606,44.66246373,Food
P74940,27.40408649,21.38673331,16.09037987,81.01643165,Food
P02308,31.79894151,25.4331422,27.50513771,21.46446889,Food
P08572,35.88317206,13.98274876,23.09499716,30.48020518,Food
P43713,26.20872259,23.318924,8.422920043,60.15072326,Electronics
P35281,23.90487798,23.15037839,26.39044299,12.50538981,Furniture
P43892,48.31458766,19.12312157,24.31900956,46.27935838,Food
P85834,32.44966571,15.61020074,15.76267713,70.56769239,Furniture
P74981,26.48486516,27.40972322,33.13615799,58.67551019,Food
P68849,27.51308874,15.16815499,35.56098049,86.81103791,Clothing
P48167,27.61051953,13.8468612,40.40836256,50.26350965,Food
P74018,28.79051851,30.10965342,20.84947241,99.59928912,Furniture
P04424,32.1645859,19.33685497,6.767729142,48.50359538,Food
P15633,32.24451819,10.03426099,24.79929745,13.02706283,Furniture
P71131,23.37376241,30.88526877,16.30901677,44.42226557,Clothing
P63615,28.84351718,33.29007372,19.72121857,4.632582079,Electronics
P35005,23.9936131,16.08920463,20.41173976,48.40679595,Food
P46843,35.68983079,32.43328337,38.07947928,31.15568782,Furniture
P66910,30.71566237,22.61395812,34.615414,4.622808334,Furniture
P63739,27.45022783,13.51313991,31.58242227,34.89291143,Furniture
P82622,17.69135684,11.45973669,22.59123018,34.96977775,Toys
P43850,70.19010106,24.80965399,36.98205156,188.5545774,Furniture
P02278,35.13267433,20.68915106,26.29229143,17.60472657,Electronics
P55152,27.6906547,19.17396192,32.04586361,72.39834094,Electronics
P14499,25.30525614,20.70725509,34.74421948,69.73289528,Electronics
P71989,42.78451863,17.82675912,16.51697795,52.73280819,Clothing
P99987,34.71415556,21.14710774,30.32214318,22.85156501,Clothing
P49676,39.24633683,27.74547728,24.7191686,65.99621954,Clothing
P38593,34.62103474,9.43981991,37.19898521,73.47889479,Toys
P77606,43.92002286,17.583636,20.41707974,39.74534539,Toys
P78210,33.0982071,15.95402637,32.60296938,101.6646529,Toys
P10793,30.48521628,25.27396535,29.50216422,27.97300034,Clothing
P58782,46.28615546,22.02991729,30.16369979,49.57188941,Food
P49890,10.01799315,21.69026954,19.69094719,41.69984685,Toys
P78279,24.24181759,20.05545201,24.44328138,47.14568016,Toys
P87221,21.60278158,27.71881306,44.48550461,79.81346644,Clothing
P86933,32.32253697,17.17466966,21.62660149,68.70221415,Food
P48206,22.07479262,19.16440625,25.1124939,65.56613541,Food
P89923,30.35263552,22.2844326,42.07559825,19.10564454,Toys
P79206,22.64470057,15.86856285,14.90880634,56.15226018,Food
P88036,22.09525545,39.30092337,12.64426494,8.582038823,Food
P10727,36.28345509,20.15079698,32.51276194,18.48130035,Electronics
P57371,32.02923021,11.76502793,20.93245565,48.61216348,Clothing
P77065,19.34886337,23.85653382,14.85253511,53.02776766,Electronics
P81212,29.64173961,22.34846346,26.82095917,74.26757808,Clothing
P85897,28.57620515,10.98586025,26.13560113,15.39522722,Food
P02770,20.14273954,12.75414159,23.85110787,73.69759167,Furniture
P83919,31.83342006,18.32622501,16.31915985,62.96650072,Food
P99934,36.45484181,26.49117244,30.27313781,43.84147942,Clothing
P05694,23.94285077,23.66149269,26.78125001,4.985703525,Furniture
P77292,52.70692858,1.630552375,13.99394482,17.92236519,Furniture
P23783,36.4272276,20.26237596,18.41531435,48.90230077,Electronics
P09646,41.95046629,7.75113998,22.63606432,44.67212016,Toys
P59174,46.44967714,19.85032995,18.54685466,5.838887809,Electronics
P79181,17.19570648,31.87292823,20.27889688,84.79519899,Furniture
P83088,15.97394728,17.18868611,17.28833321,26.79632468,Toys
P17303,41.85704155,15.44133657,17.08645496,45.44097853,Toys
P78931,70.19010106,32.89776503,43.77442345,188.5545774,Furniture
P04777,29.5053629,25.59062736,19.4710917,18.38493514,Food
P23438,20.21236284,11.42514214,34.06420003,16.34746691,Electronics
P10652,46.32411304,37.36754174,17.09509231,14.50831446,Furniture
P26320,15.98148937,14.65484732,21.77773558,73.15388532,Clothing
P08643,38.29405581,15.05878484,13.5694502,56.02535279,Electronics
P93695,24.89983601,19.39388571,35.31796783,39.62242013,Electronics
P24377,12.86865471,17.9296315,29.55030318,0.655155642,Food
P91207,35.86857094,34.98638221,23.74542519,60.68758366,Food
P94074,14.80630034,24.0896208,28.30857856,33.95729987,Clothing
P97732,25.47693681,18.15306901,29.5561689,44.50097871,Clothing
P97181,26.11823181,37.75024187,6.429371628,13.16960107,Furniture
P88614,33.94452142,22.10049063,23.98184753,45.84463266,Electronics
P56628,22.30026769,10.79188733,44.76600828,56.06841223,Toys
P93007,20.18491349,14.06023531,16.75353309,19.60946795,Furniture
P59611,46.72572387,21.56019987,17.47544063,67.1126352,Electronics
P97219,24.55617275,17.02234579,8.172324703,85.40384521,Furniture
P55353,23.76859474,28.47949107,25.43740292,68.41312567,Electronics
P22039,23.23607698,13.89371117,27.79998992,58.8061259,Food
P12061,25.06999065,20.92020863,2.609722091,38.00365284,Toys
P40727,34.21920754,23.70547836,25.02059143,75.94473315,Toys
P06721,22.32202435,17.14376639,12.19322567,85.79933018,Food
P10558,42.08366231,10.0659154,34.6916333,13.4778862,Toys
P98741,32.43800714,16.5058861,21.85504606,60.25475642,Clothing
P26905,35.13785951,35.19905548,32.47172631,35.47644516,Furniture
P39848,37.14000494,29.50143511,36.97517414,69.96106805,Electronics
P72889,25.25054689,27.80158104,28.97176437,54.15935551,Food
P79904,14.16097177,9.291153602,30.11292885,35.53059287,Furniture
P91084,21.15197286,29.83184402,27.00943752,38.40375152,Clothing
P57232,30.2609105,17.18462946,26.82912359,67.73408354,Food
P42569,16.71813951,10.64066531,16.33540691,43.43401245,Clothing
P05401,19.62753846,19.78782993,32.3395092,71.34231738,Electronics
P91047,22.26990216,16.7134857,26.17958668,34.3360529,Clothing
P95352,24.53141059,21.97203823,18.44730612,12.23920113,Food
P37480,26.77320161,16.39989714,29.86817667,100.1404273,Food
P63512,13.86438602,15.32305815,26.21804513,22.68064738,Food
P66961,39.34319911,13.30190055,10.76040913,20.16934803,Clothing
P23651,12.36959845,29.81546579,35.77522231,43.06791568,Electronics
P08894,29.28398741,29.89950508,15.11241617,33.40468264,Toys
P48300,20.01645959,20.3981895,28.41790872,25.9541723,Food
P96901,31.86609123,22.72471373,26.48638544,9.278898997,Clothing
P92501,29.80983792,28.00465854,19.65569733,85.44703149,Electronics
P74468,28.09661322,12.94500279,24.56720343,143.387306,Food
P76173,15.2147801,15.18230352,31.43148812,61.1063567,Toys
P49688,23.43105721,22.29863124,33.48509663,82.75416017,Electronics
P48885,19.29915234,22.10789772,33.22126359,43.34335186,Toys
P02878,27.54256936,18.21438196,17.70099223,77.23886941,Furniture
P38914,18.08696503,11.94765948,36.95776745,57.38250846,Toys
P05175,36.90143992,30.43472194,18.61881138,47.72385648,Toys
P16688,30.77368308,29.51130697,29.46579269,46.55593254,Clothing
P04641,17.23251424,13.53387423,22.83401343,22.453635,Clothing
P85005,19.87895625,17.16767431,28.79391475,2.533304998,Furniture
P74032,43.68631558,12.64492327,34.57546889,34.96297677,Furniture
P25841,38.71124703,23.1237188,5.290704655,39.94267754,Electronics
P26917,34.72597482,25.84611295,23.90148581,112.0467812,Food
P48280,38.50221742,34.06896387,22.249428,50.47046709,Toys
P91746,56.32382065,22.90905506,7.279691718,15.9850893,Electronics
P16961,38.99599875,17.44756851,40.08753724,64.58554375,Toys
P77538,46.69904504,22.82003975,32.65071399,49.57188941,Food
P32493,51.22156197,14.76739453,30.74794152,42.92250412,Food
P73495,24.53755552,14.25664887,27.04331031,16.70722504,Food
P09248,14.2977528,11.31339897,29.24388142,73.50076132,Clothing
P30603,13.07043186,22.79720038,24.91640295,55.38866818,Food
P47200,23.54880245,15.76757858,31.2345048,50.42447795,Electronics
P50554,32.08863595,24.10880085,21.91705719,47.14568016,Toys
P68926,29.6724673,23.98577399,28.36013704,47.24129652,Clothing
P94392,27.59674602,8.60834278,47.36670925,38.93181683,Furniture
P89584,31.19370924,19.8170555,9.233540739,45.2675905,Toys
P47810,25.34270246,18.45072433,36.93216983,81.73442542,Electronics
P01563,24.35921369,7.147383194,18.04688126,48.19887375,Furniture
P98925,70.19010106,14.80187819,11.39304922,188.5545774,Toys
P59029,19.95859233,7.857010027,34.32478886,57.68511817,Food
P61663,30.97077549,11.4228879,8.638186972,31.59237184,Clothing
P78690,55.58199286,24.81694656,16.3818794,59.19168446,Electronics
P23996,20.24126747,8.39059448,36.27558371,35.99723564,Clothing
P96212,33.99136114,16.38327734,5.806639365,61.97952805,Toys
P47333,23.86597336,35.23309272,10.05024926,7.140240804,Food
P73918,21.05392698,27.10124341,32.29718781,20.63777491,Toys
P06071,21.53206282,22.26630297,33.03658483,6.691872135,Electronics
P41534,45.01333652,10.95944529,21.535514,49.57188941,Food
P53158,10.86719755,5.067707063,12.42593633,21.93211104,Toys
P13505,41.43754043,16.39848588,15.40388561,94.34215695,Food
P20712,18.96410683,17.89241427,21.91409025,35.04098313,Electronics
P87155,56.01683114,32.16804982,27.66919245,74.28783308,Food
P65584,34.89374561,30.9827878,36.06293306,61.02531232,Furniture
P98287,29.37320903,5.815740254,20.70118976,57.20617532,Clothing
P19958,24.97945776,17.04378457,28.49480805,31.61050186,Clothing
P35335,39.9204235,41.54426931,12.70944336,42.85298975,Toys
P93750,34.04050857,12.37337113,28.25275586,42.38971767,Electronics
P44834,35.04987279,20.5604173,9.98260667,50.04857094,Toys
P96387,16.65974505,18.04735621,27.37195731,2.394001767,Electronics
P80518,40.88950597,28.68785693,16.10913993,45.11277208,Electronics
P17722,30.34083468,21.93057548,26.47865289,38.48375776,Food
P14338,35.72582781,22.72041036,28.24583102,45.97459368,Clothing
P93346,38.57659623,10.45090535,28.85485023,65.93078285,Toys
P55280,19.29107502,12.77038511,15.06697154,94.13104072,Food
P47504,35.1765902,32.9377006,16.04366366,79.16170897,Electronics
P38839,40.50654396,31.64657858,15.64174122,45.38284319,Food
P10669,45.61511197,31.10670223,12.10595839,24.97445454,Electronics
P77064,14.29499396,25.85496563,19.73583112,51.43475959,Food
P38364,23.61038252,24.08633671,25.77499781,46.07222585,Clothing
P00681,35.86364019,0,25.89898259,84.97749561,Toys
P19391,45.32738913,26.48646619,9.813900876,25.21664025,Toys
P75321,24.46350695,28.44845447,25.16937145,48.45431214,Toys
P29619,57.20169167,16.5470375,29.6406528,57.53949945,Electronics
P66559,30.97676099,11.27226856,28.60433248,54.40805895,Electronics
P27581,35.65509646,12.40866783,36.4088636,65.92682943,Electronics
P81280,31.05375506,11.86653497,28.56218964,52.05114698,Clothing
P49692,26.90787624,13.57456839,26.83950128,60.80492552,Clothing
P27128,23.9438446,22.33754183,27.65751947,25.47775597,Electronics
P21785,31.92049116,19.5058864,24.38688917,50.87571512,Clothing
P34299,42.55756126,24.27604519,30.89478026,27.23087903,Furniture
P09741,11.29208079,31.38198509,27.01905691,49.38318328,Food
P33158,41.08703581,28.28199468,32.6465079,15.33903197,Food
P90019,26.78364949,19.57503478,40.10807206,99.30624527,Clothing
P11004,19.18936672,36.19447699,35.96375241,66.68066291,Furniture
P93828,32.35614558,24.9261692,17.51240574,51.23862367,Clothing
P56337,36.40842861,17.76191865,22.11731976,30.44974634,Toys
P81061,19.93982619,21.34923738,34.93489609,48.12055334,Food
P86075,25.71884839,27.97487019,6.932888253,55.80138356,Electronics
P97144,37.1299843,32.26746961,17.34518249,8.65146311,Toys
P80113,28.61544016,13.40388671,35.69737141,25.6236269,Electronics
P49459,22.4572415,25.58322618,41.18852517,78.57434471,Furniture
P97167,42.36093175,18.42826733,33.36468986,1.298524102,Electronics
P79916,44.41568621,21.21883898,15.30361531,25.61529229,Electronics
P07790,41.6929559,14.79980852,26.48638544,54.48025733,Clothing
P26617,49.0941664,18.84385063,19.35417899,36.39757675,Clothing
P73785,27.55843365,33.599659,24.00268696,26.52204208,Food
P49988,26.36387788,36.79777431,23.36695838,34.5829812,Furniture
P76297,23.2228463,2.955468162,32.37932727,71.4647929,Food
P31769,47.55340842,25.98328205,24.30501059,59.1572938,Food
P73829,25.70594459,28.7278434,15.18812434,49.57188941,Food
P63606,35.43360192,22.2190155,2.560562617,27.94649598,Food
P27630,30.6023021,27.06487822,22.29226228,93.25835017,Clothing
P63635,32.48220586,10.23430059,13.35843137,119.7401992,Furniture
P20579,28.25040243,22.7984002,16.23290338,37.68444552,Clothing
P94749,39.96047686,7.862610427,23.87343014,23.18761943,Clothing
P64271,29.65315113,19.39753496,16.26888166,26.84777556,Clothing
P34897,36.21809962,11.30203249,9.060383022,37.70596269,Furniture
P30492,33.41755976,13.52317184,17.6540448,26.84684128,Furniture
P08632,29.90881003,13.33555154,31.58759952,39.1697233,Clothing
P51182,30.56649925,18.18812721,21.29716054,64.89200353,Electronics
P58750,31.1092259,28.70998896,21.50331302,84.32879206,Furniture
P52972,45.23124077,22.81158566,29.60349618,30.27882338,Electronics
P34626,29.6149153,17.53213769,27.69682919,44.07138597,Toys
P50583,30.96120777,16.92822982,14.04445577,75.73696476,Food
P28675,23.00274492,24.16897943,26.41024355,46.29967808,Toys
P01864,32.93072473,22.70787075,15.65310561,71.10320399,Clothing
P34738,32.43687211,4.945207636,22.81586851,52.2708482,Food
P18276,14.07006266,22.67087973,3.517631168,101.3308643,Food
P17503,24.56575229,29.12119231,27.81140389,50.48075847,Furniture
P00935,22.43204911,26.00463334,32.62193893,38.36105093,Toys
P62014,40.6667469,8.027765959,17.80053544,53.08575734,Clothing
P58252,17.20423033,24.67530384,29.69151915,24.7270211,Food
P58317,34.59180079,17.98768891,17.03276182,90.90129541,Furniture
P64942,15.51915659,30.12566273,22.44053815,15.34633959,Food
P96543,18.89424155,19.39753496,25.65877292,10.95236052,Clothing
P32479,27.09725456,5.713068065,26.13640963,42.25474586,Clothing
P19101,25.12088592,3.034398779,26.5857084,91.77367824,Electronics
P43710,23.07094802,32.2589418,20.15757017,18.91569284,Toys
P61884,40.32465261,5.354936825,34.52306493,37.79344266,Clothing
P58952,36.20672098,23.70073034,24.22537276,52.36892137,Furniture
P60784,55.26932426,12.28992859,27.71530008,32.40754553,Clothing
P36259,55.73359803,9.918681879,26.34427134,23.92139039,Food
P50951,33.77211875,19.50247186,29.16235262,49.39703745,Toys
P93913,19.32379571,7.432990783,31.13862541,35.10404794,Toys
P73918,38.77362291,19.63671026,20.06619732,62.85026152,Clothing
P21193,37.08108677,10.37439316,35.43442939,63.71972843,Electronics
P75649,19.18451996,24.1294263,24.14658192,52.08109408,Furniture
P09576,24.2882101,26.32297517,39.7904034,15.83147409,Clothing
P87122,31.19370924,20.0096438,27.90677053,81.45447953,Toys
P19446,35.41462728,11.16109766,22.7583534,68.36996642,Clothing
P99899,14.23607843,15.48180797,50.33189,64.06934234,Toys
P34230,36.73181351,11.1496519,30.95846651,111.6145607,Clothing
P44418,38.27183249,17.42143625,18.22808286,21.12046964,Furniture
P47365,26.1229844,32.26982168,18.4438454,5.076599942,Furniture
P13733,27.7536685,7.715423014,18.55560907,35.0698243,Food
P02636,37.43264094,18.55020661,8.922620812,22.13623756,Electronics
P18381,70.19010106,23.41755489,23.7670406,188.5545774,Clothing
P41985,24.77139973,16.90320238,29.38804267,56.53407019,Electronics
P86986,30.76821891,17.60258682,11.16173683,39.6780813,Furniture
P31869,30.56649925,17.76893285,24.82113728,51.01157165,Electronics
P12779,53.1932954,17.95056198,19.61406177,63.56203515,Food
P95739,48.00940433,20.30350268,7.993156371,57.48253063,Electronics
P63210,29.42381203,20.65596445,7.989908459,40.21962513,Food
P28253,8.47109407,21.45141296,30.45045609,52.83863134,Furniture
P11796,14.74343685,10.9583702,32.93032049,63.04823115,Toys
P95316,31.95845255,14.52296139,32.72212776,104.2282552,Clothing
P62045,17.7915635,7.242375462,29.02185251,30.87237374,Furniture
P31763,34.44602668,22.16045887,28.48634333,32.23277466,Clothing
P18754,37.22381358,22.11216065,14.24929354,20.04677441,Toys
P19899,21.38715799,25.66643078,20.18214959,67.00315179,Toys
P94391,29.62365298,16.23966282,34.11373669,60.81180185,Clothing
P16203,42.01213922,22.1228988,33.62547238,72.30955327,Food
P41353,24.69742382,15.23470965,0,59.80566202,Toys
P86573,34.24165946,13.18874853,24.2071788,4.91388174,Clothing
P80856,38.30335817,16.37401273,36.15625606,52.53555427,Electronics
P80790,43.55637859,29.00347828,25.00614537,52.34353206,Food
P54855,29.22898291,16.86593481,13.14581272,64.40781504,Food
P43730,21.4164222,0,27.49622616,1.189852374,Toys
P08084,23.10812182,17.96035365,26.78812009,57.76309416,Toys
P85541,24.29253706,22.09000425,23.63830702,76.84731668,Toys
P20368,27.86011156,14.71743088,22.20723065,73.1240666,Electronics
P32485,23.75181422,35.81152468,27.89510687,72.52618338,Furniture
P17464,17.55345297,25.1071354,24.5162334,51.38237665,Food
P17174,21.83064329,20.5547547,28.41675684,59.34472576,Furniture
P68201,32.89168644,16.16930035,34.81775504,41.75593086,Electronics
P38205,34.08252756,4.239169458,6.833609221,18.319076,Toys
P27330,29.10264306,26.95324852,19.52596143,9.019751927,Food
P29681,18.70948229,17.14043662,21.4582313,36.61038454,Toys
P46765,23.31909546,21.47067613,21.18761276,58.85697725,Electronics
P80633,31.98084761,30.25315036,26.44440662,44.47562553,Furniture
P80294,46.13711269,20.26237596,34.63328644,54.54209144,Electronics
P94038,12.41260514,35.66677963,34.91190662,45.70223254,Clothing
P45854,42.77664896,22.13701321,29.78805579,27.82914026,Furniture
P91577,30.46436548,30.72368841,22.10174661,50.18819469,Food
P40696,34.30041647,14.9945817,24.14658192,28.28105809,Furniture
P26831,33.19781934,18.92402572,3.162471365,18.58527294,Furniture
P28616,20.50601111,9.980852445,18.76974704,25.4695281,Clothing
P16543,24.35752401,20.57629489,19.69600992,20.05079674,Food
P70204,25.60268942,34.36169085,28.78172389,87.01172835,Clothing
P19650,34.13434903,10.48470486,32.03917001,62.00707567,Clothing
P85908,24.88784324,24.37695292,16.46896554,29.49097153,Electronics
P27708,32.11017467,9.996738128,12.07681429,53.21509746,Electronics
P23121,16.55549489,17.64826442,23.17728196,33.83717488,Clothing
P91452,30.64280019,15.71229244,17.3783413,56.31802518,Clothing
P35344,47.52270443,21.47792463,23.6478131,5.590554487,Furniture
P62348,29.92027359,26.4032762,22.05684414,12.98068793,Furniture
P04216,30.4557184,19.84464315,15.36232823,49.2121762,Furniture
P83201,37.60414656,25.54334898,15.55310051,82.96950072,Furniture
P19228,19.75612359,7.184273505,35.55481161,61.52606216,Toys
P70288,30.2609105,34.9677214,29.14244462,44.82112597,Food
P77219,18.74510953,11.98250035,28.56237803,7.872813012,Toys
P73856,28.49944413,13.21892857,28.43178651,34.9909087,Toys
P05188,30.56649925,26.5627521,29.44204184,40.43460934,Electronics
P41391,20.10371863,22.68046423,20.69117286,33.0741146,Food
P28890,16.95530499,24.97257512,31.25862227,102.4441121,Clothing
P73023,30.56649925,28.14129173,11.50885636,28.71706528,Electronics
P77465,32.71578837,20.68254514,27.31479073,5.115235605,Clothing
P87854,31.71368281,34.17801277,26.41275665,108.3558522,Toys
P34642,24.69131227,12.34279268,24.44328138,47.14568016,Toys
P13528,29.01110347,13.21257093,11.25548929,46.8141773,Food
P52685,37.08356447,26.60837737,13.00500342,85.5196233,Toys
P02078,28.60410372,10.48266673,32.9757207,79.10948605,Food
P78046,33.32314012,5.591538127,20.04896245,11.84242997,Electronics
P68880,29.80362201,28.65413382,34.87570169,38.0030003,Food
P77908,19.91913689,18.9257667,34.66886211,98.22734919,Food
P14840,39.27840128,20.26237596,30.48014821,23.19454722,Electronics
P81831,33.68673309,14.22609957,19.99493128,14.3670428,Toys
P45146,40.24062526,22.67341134,5.47290324,64.03851266,Toys
P64236,40.06292809,19.7954055,24.55873593,98.71654978,Furniture
P37891,36.13517973,36.45234852,39.38684301,44.62246924,Food
P42243,31.14227649,16.50624211,54.18783673,49.57188941,Food
P32294,19.85243269,24.46511612,31.28819932,6.02978428,Clothing
P59188,39.35678393,36.18884975,35.72536747,46.25339344,Furniture
P61624,30.2609105,16.22327538,20.21048293,88.78235869,Food
P30738,33.81158385,18.1075577,13.00184481,68.07740804,Clothing
P55982,5.283554999,13.42064054,24.14658192,74.84176445,Furniture
P65988,27.90976743,15.76817834,32.58794799,51.04663841,Furniture
P82370,26.90883536,23.83553214,28.27573568,70.9392209,Toys
P28343,39.24027019,14.86810473,33.39815265,24.60697096,Clothing
P88194,10.06264357,16.27355545,26.88580807,47.14568016,Toys
P72227,36.96206365,6.854489511,21.11986987,59.7673345,Furniture
P62843,47.49576743,32.50730687,14.86551435,106.9620494,Furniture
P66675,17.77872191,2.305104709,25.43740292,81.21292678,Electronics
P10818,38.38490774,20.05545201,23.12378611,54.18493388,Toys
P84867,52.98898124,23.66218293,24.59596273,82.52594732,Furniture
P75725,33.99223123,24.44410117,14.63961637,45.97459368,Clothing
P90356,24.37533224,16.10217149,20.52186245,127.6372692,Food
P48404,20.44459559,8.963054682,1.57176621,76.61239329,Furniture
P68738,25.91924627,15.33793074,25.46494879,43.85370008,Toys
P39582,47.94557864,31.58799384,35.72709401,72.19026404,Toys
P05185,33.9467153,15.43718907,28.75912677,86.71567756,Clothing
P77317,22.46035411,11.93156253,23.4215939,10.43094505,Food
P73409,27.9187775,4.998620243,37.76678211,42.03186319,Clothing
P33703,44.40117215,27.0983267,28.26804065,49.36265662,Furniture
P19951,41.49273326,25.44172884,27.03185371,85.73257564,Electronics
P49269,32.56029734,20.11418454,20.87936452,8.065835647,Electronics
P64277,27.78746376,32.62494446,24.5162334,85.42969716,Food
P16916,16.28098857,3.303783851,15.1709092,60.81106148,Furniture
P52626,27.52481364,10.80964772,13.94400552,12.11690673,Food
P13847,21.72769056,22.08257471,16.18250898,45.7542274,Clothing
P14979,14.84808938,25.24720621,25.47032641,19.74653802,Toys
P60074,44.53384477,25.34993324,35.54546123,49.7245294,Electronics
P03066,45.38036566,9.965684615,40.32263192,41.02454683,Electronics
P96084,35.56230009,22.86762895,24.45031896,47.39896592,Toys
P83185,26.64215301,21.31808673,20.52761177,49.2121762,Furniture
P43403,31.19370924,25.07777175,27.0006087,69.98809016,Toys
P44440,32.17432873,10.89851464,18.00365664,102.995354,Toys
P24926,36.24119817,19.21129494,15.17052731,77.70525848,Food
P05633,31.84836124,16.63390565,43.37868436,27.83907505,Toys
P18585,37.5892859,14.42582545,11.11477104,124.9224538,Electronics
P48420,33.80197851,29.55287522,15.61680075,80.80683855,Toys
P83406,29.54413984,13.72987468,22.48006028,59.59895573,Electronics
P89827,18.56995087,31.28367316,26.86843016,64.29953122,Electronics
P34760,30.56649925,20.26237596,24.42330012,75.26891981,Electronics
P20852,35.9740007,11.73980877,33.02173318,39.80722977,Clothing
P82330,26.57312406,17.44121981,14.71282619,37.56119298,Food
P90492,22.96823575,29.5400601,25.15851927,25.4418492,Furniture
P60449,32.41962272,14.26542144,13.41552788,32.32663602,Toys
P40117,28.701793,20.02956537,29.67911926,13.55581592,Food
P70767,11.10459269,25.77250004,26.72419657,99.10219885,Furniture
P44933,30.51945886,20.46418188,26.99402626,61.47960654,Furniture
P66433,5.005942851,10.59524316,25.11545779,48.35664919,Food
P35272,53.14658567,24.10484639,15.54873334,80.21471602,Food
P77338,15.78189333,16.67044476,23.96298191,44.71599489,Furniture
P59401,35.21941566,29.49908841,24.00401168,1.498598752,Clothing
P15976,20.90612545,8.493776173,19.49049775,101.7867964,Toys
P09636,20.35076539,0,27.27311961,36.5437149,Food
P29908,20.2531833,30.53692054,19.54146951,94.45882305,Furniture
P65159,34.59972143,21.13005712,29.63395236,43.16841155,Food
P36704,30.43811472,28.09170428,41.81936056,16.24842329,Toys
P94269,42.47742073,3.199787939,30.02502781,37.22733186,Food
P91620,27.54611884,26.72496021,24.13038697,24.31490478,Furniture
P50628,50.75260873,24.39107068,16.13506187,69.12817437,Furniture
P73153,14.74474829,22.35379303,29.83866913,9.506807919,Clothing
P48032,20.76766754,18.97960704,19.72665094,21.02652101,Toys
P99907,21.91701715,13.55303947,18.44555018,79.03478072,Clothing
P61597,39.32590832,12.31962964,10.64719638,32.92555404,Toys
P94931,27.0099265,29.31791484,29.97736077,104.6163172,Toys
P32062,36.33776881,11.5287393,24.94995736,26.98797634,Clothing
P50616,24.75479734,18.55686655,26.60825245,43.98082104,Clothing
P43379,10.81228785,17.66550985,14.5439454,52.03515542,Electronics
P87273,30.47398671,42.07728031,39.34998153,121.830857,Electronics
P00170,24.23096344,19.88438183,26.25154359,69.07903252,Toys
P40836,33.2876241,16.16405626,39.90587427,61.0044213,Clothing
P69390,29.49761891,13.89820177,17.10903597,72.00643441,Furniture
P32575,31.8335992,21.55286105,31.12198324,31.05688918,Furniture
P72117,40.03532898,24.12751374,25.16561468,13.12449207,Toys
P21179,47.6545424,21.51665293,27.06096753,23.95217115,Toys
P60599,24.71383318,20.6816756,17.09563072,31.96620342,Toys
P69083,33.88578605,24.76023573,29.57747536,1.233678993,Food
P00346,44.79944139,26.03433064,23.07888899,70.49669044,Furniture
P59556,43.17394066,23.85492849,25.20367767,54.06690249,Toys
P23424,30.64474415,19.5807644,18.13732685,32.09315646,Toys
P69228,21.16142564,11.9973494,31.41440826,65.30472407,Toys
P83302,45.03398302,16.9029548,29.97834241,54.02499248,Toys
P31288,32.80991868,22.55339608,19.35039485,12.70908697,Toys
P85366,22.22183312,36.71630977,25.65586688,104.042903,Toys
P27927,15.87696299,34.83274053,29.9656672,23.06509801,Electronics
P64737,23.76231039,27.17652958,23.1968268,76.96007481,Food
P41383,31.84633859,23.61897437,19.5746141,91.67073089,Food
P22880,31.41716914,17.72099605,24.08847353,10.91465709,Clothing
P78660,51.65002345,26.0633748,2.517450843,62.18168367,Furniture
P11601,17.75701764,15.13128221,41.64425927,113.1589229,Clothing
P26545,30.28181157,19.35520201,19.32977518,19.12635808,Furniture
P17348,43.90207549,33.91081081,29.45235088,56.56891748,Toys
P57547,40.29155637,10.31062457,32.13858119,59.23497118,Furniture
P22169,45.42109953,12.38465232,32.71032232,75.90584728,Food
P92254,29.039401,11.43157056,32.40951924,62.52395269,Electronics
P73349,45.03992989,9.939377129,30.31379855,45.48157956,Toys
P57492,13.39039066,31.37895889,36.72950234,77.31255499,Electronics
P58597,43.2915253,25.94145935,42.01396617,69.78949994,Food
P12300,24.77276979,34.43478488,34.58654769,40.07675312,Furniture
P99161,1.514573794,20.68549729,27.51341054,49.2121762,Furniture
P35481,36.11676289,20.05545201,24.44328138,21.0152983,Toys
P83699,38.20482181,5.230497102,31.23571826,29.0175638,Electronics
P55764,20.11408893,20.7627536,41.32066929,60.79216925,Food
P02278,35.58326913,25.03623667,33.97868869,50.88291775,Furniture
P61449,27.40957854,13.59969148,35.25599982,85.58436422,Toys
P00869,30.56649925,13.72190473,1.323428769,2.288425915,Electronics
P89731,32.60673766,23.11691342,26.75358106,69.1603142,Clothing
P65054,27.42623463,23.78905661,32.76001161,88.76181003,Clothing
P69578,3.490301916,18.12784113,23.72068117,27.01637508,Toys
P42896,3.802548959,23.73143986,18.40270304,27.51926932,Furniture
P78808,21.3600923,13.46329095,24.45096425,64.63324463,Food
P51521,36.74819492,23.36778356,18.61189907,49.2121762,Furniture
P18106,48.76795813,33.14138363,17.88190556,56.04958715,Electronics
P75386,33.21697806,22.40885871,17.86728898,30.51905541,Toys
P82900,19.77207435,10.95289252,32.21915613,46.69983504,Food
P08980,16.76910207,28.24464468,18.27769043,83.8471935,Food
P33132,25.37724711,22.00160165,26.43516256,66.60708593,Furniture
P21123,37.51387123,10.08593284,5.048630446,61.94441795,Toys
P72049,21.01585329,19.33685497,10.80703166,25.33771965,Food
P51160,23.38213535,27.60246074,26.66239427,9.049346137,Food
P64954,26.65498764,21.90695186,31.94728139,41.44717229,Toys
P41174,40.39904687,14.65776355,43.37862688,61.42334214,Furniture
P05118,34.01711722,6.011744214,12.80097247,9.48332107,Food
P85106,16.22330632,23.27854926,16.42915257,67.32090575,Electronics
P48715,27.76537215,10.56768167,17.97820784,18.88801779,Food
P16199,37.01172742,23.1834164,25.03806873,56.94822423,Furniture
P99225,41.3556564,20.05545201,14.39763219,67.77590922,Toys
P65993,22.98008312,21.15910266,29.44657527,79.21178693,Clothing
P70441,14.05572341,25.57563524,29.42286507,38.24369704,Clothing
P10589,35.6976728,23.99748088,35.05150398,18.91072258,Electronics
P77084,48.81157069,11.84268529,38.75228223,31.4836326,Furniture
P85101,29.74445929,0,38.15976345,52.26729118,Toys
P13793,37.5750771,18.78981373,26.1873517,83.57734753,Food
P46547,31.15674634,15.03321921,26.87022257,38.73099003,Electronics
P78581,29.01660373,7.481577829,27.76282965,90.35442861,Furniture
P90932,42.18761852,12.60427209,14.61676947,46.41141127,Furniture
P12619,12.39237241,33.97890558,27.59855203,75.74417213,Food
P36088,39.75119733,15.100501,37.59635181,7.33950675,Electronics
P77784,21.67644427,17.04578289,12.43789718,1.039553449,Electronics
P99734,25.98779528,6.700064096,42.57933224,0.540027317,Food
P24806,20.08607651,12.73795056,24.45636644,44.71662698,Toys
P22602,32.38789159,18.3761549,25.71821336,32.17420618,Food
P76448,35.792915,23.87101321,17.57848975,86.84090629,Food
P18485,22.72862824,20.52409675,8.519696095,5.885313463,Furniture
P40520,19.1894346,13.35644475,25.07092166,89.68233401,Food
P19307,20.21627222,26.32500479,17.54623354,65.18472966,Clothing
P54855,19.42289071,18.81917931,16.15935369,23.64578596,Toys
P12949,38.56398794,16.20077075,31.41089944,57.29275183,Furniture
P49399,48.96792983,15.96180063,26.42248141,99.96055753,Clothing
P69618,27.82318797,16.13551159,26.48638544,72.69465063,Clothing
P95812,33.37602662,9.233032612,8.439300299,13.50257588,Clothing
P15116,28.14712341,35.70069752,12.639374,36.56115985,Furniture
P00308,29.44415329,18.69765675,26.00235342,126.1814487,Furniture
P30387,28.16016664,30.57043226,30.24463825,17.80015903,Clothing
P46206,35.76556963,28.99290176,33.80033995,91.35408882,Food
P73696,31.25576453,14.78328889,27.8048757,90.77568482,Food
P44680,15.14439627,23.37269288,8.862041927,42.19072876,Clothing
P00848,27.11341361,17.99962788,5.84139315,78.46439289,Food
P72531,35.94754342,24.4183995,33.87738855,1.907881915,Electronics
P64393,20.95683375,16.06691051,15.5382108,50.43526998,Food
P86624,46.83927691,14.32336116,26.84282994,100.675668,Clothing
P03828,26.94775296,22.94986518,35.15118094,55.28451356,Electronics
P92607,30.10233061,17.63615746,21.36042319,68.11371561,Furniture
P60558,30.14688195,35.89820799,29.89798317,14.61191721,Food
P20999,44.75356217,34.20248714,21.9318291,126.4702913,Furniture
P26717,29.44452301,20.78386523,27.63443934,7.997878305,Food
P00228,22.36740843,0,24.44328138,118.3125949,Toys
P29861,19.60094073,18.52379714,27.18811113,56.61750613,Toys
P12497,17.74234337,27.80653375,29.65251864,18.33081531,Furniture
P73164,17.100391,10.08714339,23.88640588,29.22947677,Furniture
P40585,22.44254841,11.96756323,31.33085125,104.566956,Clothing
P46783,31.04201104,22.08353811,20.64243444,30.76657219,Food
P64738,39.18316606,17.36441771,17.38276252,19.79217917,Clothing
P01968,36.56553609,29.11902849,27.81866026,25.93159919,Toys
P40490,30.81874139,16.51610904,31.49331391,53.35397475,Food
P98739,35.62969237,17.53630776,25.46078112,40.09729425,Electronics
P79123,13.92516765,19.36286887,24.1081513,43.23030858,Furniture
P59806,16.79766793,16.50891288,24.33424423,49.57188941,Food
P19907,37.55391226,18.44939089,29.27887614,34.64709326,Furniture
P37906,36.38730222,20.67061302,33.62012453,21.80096513,Electronics
P08931,23.19975278,21.55507441,0,51.36691643,Food
P48801,21.39586635,23.13932774,31.11052289,115.5528469,Toys
P57312,48.12448558,19.34781862,20.02371246,71.72409678,Toys
P45699,23.50722455,0,25.22689781,3.071509112,Food
P44144,37.51933033,29.18756567,39.89866402,46.82543728,Toys
P19399,25.30824348,17.03991176,12.52610852,49.70465574,Electronics
P82543,32.70456826,7.139521085,35.98739169,97.94965423,Furniture
P05730,29.62777763,16.34158676,37.78453859,42.38144881,Furniture
P04935,13.38479938,12.2116304,41.71932109,87.63015082,Clothing
P96550,34.3632367,23.8615031,22.13586225,31.6509879,Clothing
P77816,28.41470427,17.53753223,43.88145405,32.00535818,Toys
P73616,45.51151976,13.69772998,32.56661034,53.02776766,Electronics
P42921,36.50201178,9.661898439,19.62723142,24.48160241,Food
P49439,24.24362174,23.49390841,27.8987408,87.57622193,Toys
P61659,36.62130675,19.33515542,25.27028331,58.7469103,Food
P04065,44.65648769,29.76826956,35.80235575,35.36883881,Furniture
P58648,33.07801769,17.13327878,33.96023363,103.5432512,Clothing
P65065,30.18433933,31.35682404,29.47186231,37.13456223,Clothing
P17393,40.30999522,18.18816886,40.61442918,47.61834727,Clothing
P14057,54.92999517,15.54061558,21.12721612,25.19714712,Food
P88864,25.41115737,9.931960715,31.89290452,45.97459368,Clothing
P11813,36.32781866,8.449161471,42.28330752,52.53400359,Clothing
P86778,25.56717749,24.27853869,18.94762964,30.39611313,Toys
P48821,26.50742296,23.11327357,18.71620293,80.69169666,Clothing
P80176,22.44617068,9.357490994,26.60628997,3.236390149,Furniture
P18585,39.16327675,19.33685497,23.8104758,53.40183176,Food
P99209,29.75874913,17.45827923,6.221701075,137.5452067,Clothing
P17101,35.42560044,31.82024065,20.75987813,47.91403141,Toys
P23357,23.23078,12.97613931,22.40306174,76.18473053,Furniture
P06115,51.57308213,15.14507858,18.99836155,70.16880224,Food
P41828,31.19370924,29.95743665,19.33103903,25.95307949,Toys
P43569,31.48667457,18.05292816,29.25734454,55.52927192,Toys
P12824,42.71555095,20.05439876,24.24653836,50.47093388,Toys
P81954,15.92488305,13.31885679,24.41780255,66.49049559,Electronics
P77684,35.15047686,18.93893003,33.1035873,78.65807712,Clothing
P78829,33.93317839,18.06802043,16.30070898,39.32077747,Furniture
P75143,23.8721131,14.96589285,21.65327906,44.29277467,Furniture
P13560,22.69633368,18.21227214,21.23881409,14.33109741,Electronics
P41905,21.43916174,31.61974028,21.4339329,28.5924599,Furniture
P56332,15.69224898,18.32548944,36.61580015,53.74256299,Electronics
P95165,35.00917188,17.88388127,17.83998639,13.14248517,Clothing
P18851,21.42842444,19.80643515,29.69928291,32.70741271,Electronics
P91168,8.011940434,18.60516594,25.43740292,39.64559357,Electronics
P26706,17.889838,24.04376127,13.84852568,66.15304872,Electronics
P34953,22.07127168,30.99550475,43.47674822,8.321038094,Electronics
P61812,37.3846658,19.77988076,25.43740292,18.79418841,Electronics
P78189,24.69498852,18.44073376,20.90907053,49.2121762,Furniture
P71958,37.27629544,19.65741295,23.97867419,27.38413659,Electronics
P30748,21.24381747,18.69546429,23.35164576,74.24108568,Food
P31310,40.85895566,27.3231222,23.22770373,131.0908269,Clothing
P32936,41.96571502,23.26885846,19.63033847,45.97459368,Clothing
P93179,40.57122226,22.4143352,21.97370735,48.27827891,Food
P87695,37.47293605,14.33274586,26.94962478,8.136544857,Furniture
P44453,29.52288644,13.8667473,14.8885537,51.103485,Clothing
P81501,55.60084538,29.88625753,17.68287065,58.1726419,Electronics
P71800,45.50500493,24.00532577,36.13888382,34.62397668,Food
P85917,11.59125769,20.84715562,24.14658192,46.9401585,Furniture
P91279,40.44160877,19.61078119,16.98713937,100.535745,Furniture
P79305,33.26927374,20.70926073,27.88707153,68.28578136,Toys
P15105,27.97807348,27.16030651,24.99717695,37.41695742,Clothing
P63522,54.39752406,9.062897548,32.1443662,6.912384052,Clothing
P03213,31.39126122,19.50396793,33.1047977,51.03125927,Clothing
P12117,28.32878286,27.00837434,20.02219165,100.2032566,Furniture
P67773,30.56649925,12.60613485,23.54088422,4.624131041,Electronics
P20880,44.43764604,14.27392009,26.48638544,16.75662625,Clothing
P11445,41.63163752,15.01880511,32.93266776,69.36763137,Electronics
P83285,27.75234598,15.68701837,19.95315184,33.03821089,Clothing
P57579,24.23228669,26.63579874,24.14658192,52.29827211,Furniture
P87356,35.07274031,12.56391312,30.24314187,54.8509558,Food
P29190,51.42270359,17.49176251,32.05230698,31.56383649,Food
P14938,34.73237625,16.28306162,14.22890218,26.1158959,Furniture
P06012,31.73180926,21.01103664,11.18463777,44.27383341,Clothing
P25356,25.12874616,21.70634966,12.64781007,53.02776766,Electronics
P80682,33.10907566,14.83018152,20.32543265,28.74451169,Clothing
P47633,25.406391,15.93487842,18.73874611,49.48981777,Furniture
P23169,42.77676822,24.0067558,17.51144826,54.73922937,Furniture
P62419,33.11250155,27.5802117,6.049177523,53.47473762,Clothing
P44853,29.6501151,5.771299328,16.22170575,82.76320352,Furniture
P68524,30.99332305,25.08334424,36.51566803,54.65974998,Furniture
P29797,17.56136765,13.45257067,22.69293389,52.61049441,Food
P12810,35.47097381,7.350474384,40.85069312,92.81916093,Food
P87497,24.41078153,24.57645953,33.64274317,78.91720802,Furniture
P24285,28.4006147,27.35323339,25.69440847,54.46630412,Electronics
P00010,21.01532018,5.790029332,10.61915079,54.10239942,Clothing
P02691,26.79652692,18.16160296,20.34076684,49.57188941,Food
P46724,18.12401581,35.63325947,24.14658192,36.98379611,Furniture
P33213,22.4658213,23.06391188,30.26769493,39.47665383,Clothing
P89107,32.32049937,11.77859887,25.43740292,65.92926986,Electronics
P38974,22.32652437,31.16547049,15.78374268,19.5656082,Toys
P06892,40.98776852,21.1743441,29.04526522,7.421802118,Toys
P49127,31.06430228,11.87924647,13.6791866,79.20866748,Food
P37845,30.2609105,18.33506514,41.16724741,30.38962578,Food
P46546,12.60286221,22.04307005,27.86668904,72.4094252,Food
P83614,26.00363814,22.3097893,29.98050085,61.78740532,Electronics
P54097,32.89774857,26.8071837,24.44328138,40.84433464,Toys
P47336,24.8271155,23.51600984,21.40090844,56.6984274,Food
P71037,30.48084947,29.91157082,43.61115704,36.79222387,Toys
P47740,41.2656503,33.29176133,29.95717815,24.43326071,Toys
P96155,28.3288192,12.62512149,37.54109075,57.18882555,Furniture
P04868,18.53654607,13.11129672,15.1403255,47.07423849,Food
P90920,50.92387276,14.79997935,27.32178383,49.57703102,Food
P26346,22.85648582,17.63678872,10.31851766,114.6478603,Electronics
P82520,50.75400799,18.90102569,18.18912421,81.40735383,Food
P69350,49.14031354,30.19900033,27.08657883,51.13089719,Food
P37377,39.71570951,21.91397491,28.7638518,92.42561865,Clothing
P74340,35.36652753,16.60610933,34.64736879,25.66833752,Toys
P34986,44.7654035,28.17106636,24.06091486,35.24129285,Electronics
P28803,38.2206016,12.00558214,21.49068664,30.7499954,Furniture
P93530,33.21357215,22.37260436,22.81244921,27.78529681,Clothing
P80659,21.97722731,13.60646395,34.63549504,89.35080348,Furniture
P53064,36.48280434,20.84603033,29.62656297,30.84242525,Food
P53049,37.87084604,19.05545178,29.10313776,41.50345883,Clothing
P37734,44.20504248,29.69555188,21.71044657,33.81226338,Furniture
P06466,41.79440121,19.29309633,42.75287959,18.0733998,Clothing
P20129,31.30740577,24.41188301,30.81840584,73.90105781,Clothing
P02542,18.31321962,13.9856716,18.1978765,35.12519324,Electronics
P01618,42.27668992,19.40841948,27.10463223,44.12644187,Electronics
P17286,27.05050322,22.94119434,25.40942329,61.83739956,Electronics
P70842,24.37712471,19.02601993,34.34540966,22.61567242,Electronics
P54883,24.98242956,25.54484486,27.78999085,85.79338838,Electronics
P95399,30.10233061,28.80767708,28.99778495,11.28315734,Furniture
P25904,24.10635243,18.71893764,36.49268847,46.56077493,Electronics
P79609,30.2609105,27.39416112,22.86689227,73.25345365,Food
P90437,28.72082409,12.22674612,22.28037472,14.06100712,Electronics
P83238,45.7745328,12.65997743,17.39552705,76.28521795,Electronics
P80457,37.81822872,23.42645678,29.23039769,98.48900128,Electronics
P01537,35.38910044,28.56120191,42.41638636,48.53104907,Furniture
P45839,45.79572146,11.26639299,14.41443997,34.46727658,Furniture
P64857,25.10560557,22.75030305,8.405857749,22.73690988,Furniture
P61049,55.79709338,12.96148517,29.54034931,44.28661442,Clothing
P38490,33.61636025,7.499633145,27.02737706,93.56353098,Toys
P93034,37.91031947,20.90616328,20.64794665,36.39090837,Electronics
P45015,23.98293388,21.12708998,2.605053819,55.04046022,Electronics
P91753,39.15402118,21.41153244,24.4907036,80.64546178,Toys
P18587,70.19010106,16.86681146,19.47289691,188.5545774,Toys
P01793,23.48163892,28.48167926,43.86259152,71.47202724,Toys
P21765,41.08182817,15.00523688,24.4362438,62.5627988,Toys
P45641,46.39116805,15.75223282,14.38486302,41.56623545,Food
P45258,27.231867,27.88359748,20.65455168,62.09823689,Food
P17207,31.39126122,28.60805711,14.6198454,11.51072372,Clothing
P03648,29.33920201,23.81086215,24.06911898,71.9300188,Furniture
P49701,16.01432426,13.66064063,25.40700438,3.869295179,Furniture
P53843,21.1048557,18.08854321,16.48828545,69.56918455,Furniture
P84621,21.60790333,19.48649458,33.51282679,52.45966441,Toys
P62143,30.69802085,16.5655822,25.71638076,17.14188443,Clothing
P36635,30.2609105,11.19876614,14.34372498,66.20863832,Food
P09875,42.00413908,17.70041984,34.72050453,51.12625524,Electronics
P87053,30.81829359,19.74848664,35.85947339,41.45489187,Electronics
P44901,23.18948343,38.91097996,15.07957234,61.45202507,Electronics
P37349,27.47431849,18.03150009,30.98875141,20.16714435,Clothing
P08545,30.18418379,27.72317988,22.32266019,14.63229526,Food
P25578,35.90654831,27.12158729,26.28743893,10.07884606,Toys
P41163,9.180705921,17.49553576,28.81660175,19.22395682,Electronics
P48003,70.19010106,27.29090178,32.61222585,188.5545774,Electronics
P00351,31.39126122,8.979059994,31.30630551,111.0762061,Clothing
P20780,23.62260016,25.5478313,23.65053353,9.966667206,Furniture
P88660,36.12773905,15.16204268,22.35181745,11.87144837,Electronics
P15487,30.10233061,19.560848,40.2615059,40.43755054,Furniture
P29355,41.89016531,9.07235431,15.03558865,84.86778793,Electronics
P91852,33.82409746,15.79172126,12.65431184,33.15986011,Toys
P08514,39.38283806,28.41558094,12.50311702,43.73994886,Clothing
P10635,38.72457328,31.05163263,36.07199958,31.0030581,Electronics
P69393,70.19010106,16.27170799,25.53085799,188.5545774,Clothing
P53586,29.03286888,24.83612261,13.15765765,17.64461776,Clothing
P93117,15.75251814,12.32448611,35.38510661,112.2519512,Electronics
P98217,31.09394795,18.17120068,16.12776572,100.2009184,Furniture
P55084,31.19370924,17.37105219,12.8538141,17.78934023,Toys
P16695,39.63376129,30.37595637,14.61073599,71.5525227,Food
P72869,30.24510174,11.15436265,24.30300885,142.3058111,Clothing
P17401,42.06508967,21.65813864,28.86406741,49.2121762,Furniture
P19549,31.84551303,18.30232824,20.87225228,65.56379052,Furniture
P13147,48.76170839,23.39248836,25.70328757,98.28561997,Toys
P02017,30.7409478,7.976237373,33.0013341,66.30172484,Toys
P45154,43.05478807,17.85175482,21.7468351,59.2203685,Toys
P96778,19.8716888,32.10759795,11.32588532,37.47708854,Clothing
P60229,43.82158991,19.33249624,21.46252519,7.668295068,Clothing
P69239,20.92436338,12.48077519,9.271271412,42.86950049,Toys
P08355,40.30283454,9.446022443,32.73626385,30.66979199,Food
P07299,42.89752754,29.08496118,11.03638976,36.63049091,Toys
P52374,22.80155792,23.75019405,6.550528493,67.52942499,Toys
P34750,24.6024032,5.067680389,14.20272224,68.00638897,Electronics
P75720,40.53152853,24.18011284,22.06950053,44.92631943,Toys
P02700,35.38296079,14.2493409,37.32730997,87.56850986,Electronics
P14388,50.88374705,14.91710089,37.15965603,43.58374497,Clothing
P85346,21.49479546,11.54753886,35.4655472,8.734673313,Food
P34161,21.96325432,35.89648889,10.93269124,32.77752269,Electronics
P97686,16.3019702,33.48011423,37.20015642,51.29122613,Furniture
P76661,54.4575198,25.92659476,31.2357018,45.97459368,Clothing
P29314,38.15737213,16.35568379,4.925787828,26.11807587,Electronics
P26192,29.25554084,17.98117198,8.171652944,24.83321978,Clothing
P79473,28.88773939,19.73109948,27.61807352,68.79304017,Electronics
P42090,24.82388701,17.12185083,33.55014246,127.1598595,Toys
P61623,22.26210801,12.79503412,17.98132348,19.10083176,Furniture
P31197,35.92526949,18.75792761,14.25229539,14.89157881,Toys
P69341,32.27459935,20.19375565,32.62093698,74.41942581,Toys
P93818,34.4001445,21.80246338,25.54077395,70.63798916,Furniture
P37629,35.29692754,26.76126377,24.03461711,58.05780743,Food
P70137,22.43649255,27.62500036,15.90461602,66.94527076,Clothing
P51575,23.99783123,19.70370562,26.20866848,86.07353744,Food
P11139,23.0809193,18.1247376,28.85367623,103.0450788,Food
P38118,25.14636452,25.67561454,18.38226885,71.68480685,Electronics
P83413,44.71170327,19.75152854,33.95002638,88.13195978,Clothing
P85671,47.97686527,17.76829656,26.48638544,46.1436112,Clothing
P25509,13.54601253,12.41321597,8.472761946,5.64359189,Electronics
P51655,30.13929292,16.99842896,25.0646062,54.12057438,Toys
P96797,32.76690799,32.92300552,15.98004683,74.68348343,Toys
P31738,43.75706813,18.25563284,39.74523759,33.21361144,Furniture
P14615,25.53566385,23.12556737,33.54635114,32.89057797,Toys
P37750,37.5915516,21.76433142,9.943954888,20.6423483,Food
P90343,38.72320637,15.50265579,22.48170692,9.797837866,Electronics
P70586,43.66874267,21.55788956,15.4545544,12.57693633,Toys
P72000,10.12431085,13.5179805,22.76324244,74.94850359,Toys
P57062,25.79813183,25.56430206,35.63701984,64.26765308,Electronics
P26018,30.73317967,32.39216121,28.33055004,71.86823584,Furniture
P59839,17.04921228,8.259797874,29.12025049,30.22882175,Clothing
P76408,17.85811387,23.5355252,29.27650972,57.23720745,Furniture
P79885,37.09003758,10.09870062,31.91955708,47.14568016,Toys
P18361,26.92221765,26.55022115,12.26259527,34.20404939,Food
P68040,9.325579,22.15301553,26.2688443,52.48497712,Toys
P71465,19.46584437,2.355471543,37.20925047,38.6426077,Furniture
P55258,9.582651316,14.48217781,20.75862633,80.64868952,Food
P32340,34.78979826,24.97765715,45.73274877,8.241248571,Furniture
P20110,39.31280119,22.93892405,17.28905116,40.98602154,Clothing
P06205,34.73832921,30.54078028,25.98467625,21.76931898,Furniture
P24214,22.16746708,12.35901937,33.56394794,65.69669557,Furniture
P03864,33.24083969,19.19876739,12.65493672,91.79543774,Food
P28412,40.09817089,26.83620182,23.04582033,25.82601035,Toys
P67393,19.55190806,20.73401988,16.89468683,2.571312854,Furniture
P94024,7.88864691,17.47141715,27.58260269,53.02373218,Furniture
P24736,26.37559059,12.83722942,16.07473003,50.94474687,Electronics
P13374,12.96617561,28.6862906,13.40523144,79.48049428,Toys
P23315,51.90455626,19.33685497,31.65687837,87.84557758,Food
P50788,30.38003478,23.36075592,17.9695926,83.55897002,Food
P73933,32.24092482,28.26036963,20.26708292,55.72749572,Clothing
P16802,15.59949117,8.755463847,24.14658192,97.04547289,Furniture
P72130,44.02794311,27.35383148,24.44328138,23.38011623,Toys
P72333,51.45149128,20.98838157,8.765234867,7.14833362,Clothing
P41370,30.68562975,13.22914676,24.6618642,47.14568016,Toys
P07969,22.6906996,24.01426189,11.70767565,47.96385855,Food
P39400,26.77938484,23.38879252,15.80953788,13.3903793,Furniture
P49229,31.99059696,15.10584727,35.53178838,49.27301498,Clothing
P99393,28.09317599,25.21217593,35.3142713,69.78594409,Food
P79114,23.88482197,18.48703687,24.14658192,74.58119804,Furniture
P28546,16.20680772,21.28014581,15.12368513,17.11339025,Food
P75395,31.36535331,21.72317204,20.20547052,4.391396233,Clothing
P27035,24.69003045,16.86389888,12.10163367,51.02088759,Clothing
P82780,18.80330105,16.73519329,19.30407753,70.70221029,Electronics
P42324,29.93929088,16.69601742,11.64349002,58.92386159,Furniture
P39004,20.17512606,23.75414072,46.14168208,87.65437365,Toys
P33572,40.72507337,25.9600425,15.22550876,54.83898628,Food
P36905,41.42822815,16.58913923,34.43836414,49.50168973,Food
P13250,30.21271577,6.95621405,38.47039367,5.157315607,Clothing
P04838,45.49934405,16.77081229,28.98701917,37.42767969,Clothing
P89311,33.38496407,20.00422367,44.12294263,20.19231453,Furniture
P52034,34.71468357,26.2768343,28.1633191,36.91533675,Clothing
P59601,3.031133571,7.192768172,27.32795033,46.27142669,Food
P12766,32.22133772,24.85378447,25.31242374,46.12897655,Furniture
P09557,33.26133022,23.40709765,19.85428562,80.88321668,Clothing
P82351,19.40786478,19.58885021,21.27745901,63.03507938,Toys
P81854,13.30594719,20.47946104,25.43740292,48.2627675,Electronics
P87724,51.33033375,20.65951802,10.946561,132.6565323,Electronics
P79585,44.51143608,17.53572573,38.05834793,12.663725,Food
P14557,31.9652117,23.85799162,25.44377498,82.70550413,Toys
P39087,29.34249739,17.32738215,26.55028948,3.219088483,Clothing
P66667,29.1928342,2.024885328,15.71240282,2.283159216,Toys
P09336,40.91310121,18.35312455,23.8107707,106.6531082,Toys
P21882,31.96554777,20.05545201,25.87903339,55.65427283,Toys
P82738,29.60444846,20.26237596,23.52098315,52.38720605,Electronics
P61879,37.91662694,31.28745904,19.69655513,73.93983649,Furniture
P60874,31.19580368,11.1816628,27.48940689,39.95591038,Electronics
P32328,36.32407739,14.59433537,17.96196857,14.00824205,Electronics
P49026,4.460788651,15.28906539,24.57366368,137.8181028,Food
P97788,21.74502803,10.85019034,12.7075826,35.9451166,Toys
P76832,24.3981896,19.51471349,16.55866981,48.27813905,Clothing
P36681,26.28559134,21.21406394,32.38142368,20.1447812,Toys
P42410,35.60784526,23.91349704,28.82900378,6.643842068,Electronics
P47194,27.79035826,20.20310736,42.31101215,28.65613418,Food
P88708,33.30880232,34.04380559,34.67809062,48.64237094,Clothing
P54532,16.88163768,26.5132141,34.05332061,70.52489626,Electronics
P57829,38.23170584,20.81485036,21.94789949,64.38522644,Toys
P89395,33.02635465,31.22695976,26.48638544,59.83433221,Clothing
P59755,27.49166984,30.05719373,32.8855225,22.9587296,Furniture
P14419,30.7863519,15.14639764,30.35941808,62.28315592,Toys
P76887,36.29628842,20.17049319,35.23583088,72.17541484,Furniture
P39024,35.07991327,9.631066686,26.67119722,108.2673678,Clothing
P19126,17.48460576,19.46257368,44.6568706,101.1377628,Clothing
P23348,32.14093744,26.97037838,45.53486653,78.53918733,Food
P22914,25.79354677,30.99901135,32.70000093,78.12432478,Electronics
P09053,17.17007776,19.59836306,23.69585879,38.76397548,Clothing
P50532,45.64643656,9.147345563,39.68671209,32.46634124,Toys
P27118,21.50155631,18.81775745,16.73685715,65.15063265,Toys
P58537,14.43418101,31.71341791,21.73195005,29.95570855,Toys
P00973,25.67441812,26.99511345,26.10770381,50.58374767,Electronics
P96507,45.28468426,20.78454032,21.84235513,69.37671261,Food
P36770,32.8257995,31.78136541,31.26277455,63.25240209,Food
P65442,33.61395606,26.35411744,13.57602553,32.10765776,Electronics
P97902,19.97470635,14.63503833,23.50931731,120.3096216,Clothing
P53256,35.36509844,19.23628602,13.23367196,85.3155489,Clothing
P68473,28.14341023,14.02230657,22.00425636,101.5712184,Food
P74894,46.07345576,18.16361076,22.54709751,2.581881776,Toys
P30238,38.60473488,12.88607337,27.04015824,53.08752172,Electronics
P31700,26.39033834,7.215005185,29.8002332,30.93770359,Clothing
P80514,31.46713686,11.96834102,31.39494192,45.97459368,Clothing
P95505,33.52055397,13.34542233,17.49146371,53.32659148,Food
P98695,35.9992873,17.06794384,21.38384476,49.57188941,Food
P50511,19.22255222,26.46446239,36.24657015,35.3457176,Clothing
P57688,36.22849932,23.58173541,2.209785233,77.84737074,Toys
P31350,31.50301761,19.47093908,45.77124626,34.78974022,Food
P71436,46.33431532,23.27810237,27.76908988,101.4772289,Clothing
P21204,24.16922561,27.64240447,19.94598028,19.42132198,Food
P41525,23.73032942,15.96656135,30.98232471,9.924127875,Toys
P52150,31.22009815,23.23435804,24.90017196,26.62941735,Furniture
P94332,18.41635311,26.8767031,6.261111671,72.35452593,Toys
P03537,31.39126122,14.15234979,15.4740343,87.72857169,Clothing
P09746,22.40867338,19.78875394,34.95310382,68.9736265,Electronics
P05509,38.13509636,27.17471453,15.86716456,25.88154756,Furniture
P75422,35.88578404,17.9291648,14.59225765,53.77704165,Electronics
P76500,38.81639757,23.45538036,10.62160747,121.7632891,Electronics
P41343,24.18319086,20.34811735,19.69096914,50.61251502,Clothing
P72002,32.34214733,24.60164013,21.42198011,35.0611446,Furniture
P87884,39.17861947,25.42300256,27.68342619,42.31157527,Furniture
P71267,24.2310813,5.847392761,23.55675927,61.49504569,Furniture
P59863,40.80780726,23.69648715,20.04503261,62.47479888,Clothing
P29778,35.95157025,19.33685497,16.86338539,44.48438321,Food
P82164,35.29804178,15.80729282,32.91475337,44.88842704,Electronics
P94177,44.77894045,11.87342545,7.296372668,49.82135872,Food
P54266,31.25224503,23.09446817,27.19291501,49.23517614,Toys
P95351,33.3445679,6.341136339,39.88255542,40.89121781,Food
P81812,11.98019562,26.66667129,25.42744121,35.89389984,Furniture
P17320,50.61503577,22.06202032,17.75345423,84.5794431,Furniture
P79025,22.74256187,20.8348475,23.36647154,49.60086094,Furniture
P81001,35.04046516,14.76986929,19.95453127,79.08707077,Clothing
P92987,41.60826787,25.20908993,27.67519846,70.74855725,Electronics
P75525,46.65474444,16.7437095,21.66475514,55.39743109,Toys
P74011,38.53415559,25.00504747,18.59224095,90.01657237,Toys
P18623,37.00309879,21.59158517,24.79948919,110.6777069,Furniture
P81362,43.01741289,15.79001715,18.82348778,27.8786029,Furniture
P08239,33.24166352,18.31095809,35.09672071,68.82818893,Furniture
P32111,30.10233061,12.03347684,26.70395477,82.63131278,Furniture
P76092,15.64137849,33.56040832,24.14658192,20.75580272,Furniture
P97078,23.22838288,22.29699332,30.16664099,68.59216354,Clothing
P07804,36.98223314,11.31879579,12.69827473,35.49148581,Food
P85442,36.8605146,17.71196622,37.46078843,57.15664861,Clothing
P12748,47.35963803,18.99636592,24.28839392,85.86594164,Food
P21135,21.53038652,27.21821739,27.19177184,78.15920068,Food
P63474,36.10585745,12.15067575,14.44989622,67.98732624,Furniture
P08806,22.51513463,15.6586096,23.67677119,53.02776766,Electronics
P19538,39.50423838,16.20928522,32.75472512,56.82487627,Clothing
P72729,42.46085192,20.05545201,34.26511733,59.29684338,Toys
P73957,10.479122,8.339588004,38.53077846,40.83168158,Food
P26076,31.84680306,51.40990165,12.78234214,80.20190214,Food
P65666,45.79212816,25.57109958,29.3743266,70.71418058,Toys
P84494,38.17766299,14.91553727,9.288633104,93.25827206,Toys
P25199,31.33540905,26.99613659,43.83878139,13.02379066,Toys
P88207,18.57029702,21.43665426,28.93581868,35.92607437,Furniture
P93340,36.51391251,26.77937342,38.7091476,60.70918278,Toys
P57425,17.76059733,17.62714033,11.11193595,61.00239224,Clothing
P78846,17.99703593,12.58117493,23.44478436,98.13017325,Furniture
P45582,28.52997998,30.73180732,28.77735048,43.08240804,Electronics
P75421,43.07142754,31.29776444,5.854953217,53.85852351,Clothing
P32627,15.92536226,13.07060121,39.31523865,34.11599109,Clothing
P78150,34.81009232,0,35.75286576,2.527160779,Food
P54816,30.86589787,26.60078612,20.21690904,71.87190935,Toys
P58373,24.3370227,30.24813089,36.86472092,28.01093303,Food
P62105,26.27166848,30.178828,27.57222958,98.69770072,Toys
P00017,27.31111309,20.16709191,29.00296427,65.54305106,Clothing
P99036,26.84730755,15.71737451,31.62059798,52.43835266,Toys
P31548,31.69360824,19.39753496,24.46156471,53.21623886,Clothing
P99477,26.90827877,44.87934845,29.62253018,82.46336939,Electronics
P07269,30.29756139,7.975357586,15.85709056,58.36399437,Toys
P40550,15.15102032,11.22157978,25.24582042,33.64441266,Toys
P40455,39.26177548,14.5985738,35.62576821,37.28720954,Furniture
P27566,23.07090405,13.98424535,15.32218846,12.07981496,Furniture
P71206,14.85152775,17.92876021,41.46658182,35.51270482,Toys
P00602,36.81952971,2.785476789,24.51485636,89.61242029,Clothing
P85553,38.21902504,19.71486814,41.3625573,43.35390207,Furniture
P76155,32.9929258,16.00215859,21.36074207,100.1679771,Food
P62579,24.49694846,13.05365814,15.82274212,48.09279382,Food
P11847,39.75545127,17.83101119,21.43887359,69.6621149,Electronics
P47976,41.58595579,3.025160808,20.86818721,33.03270896,Clothing
P65795,40.49009226,18.47276967,38.07355071,34.69517559,Food
P41992,32.13979911,25.16172469,34.2117758,47.14568016,Toys
P12393,25.16114166,2.245597018,31.26551197,68.7961509,Furniture
P87413,37.11614878,33.86012,18.92559383,34.45242083,Toys
P44451,38.9519322,43.5927554,0.660475316,18.46339911,Toys
P82473,20.28385961,33.7975732,16.32219936,82.44542259,Furniture
P20386,50.76747984,29.78855106,7.795235044,61.73383631,Electronics
P33687,44.90726137,17.80805535,26.79481587,74.61660509,Electronics
P66003,33.93485385,13.39671576,30.33310546,75.25342324,Clothing
P81406,37.25766624,12.045205,22.44260412,32.316428,Toys
P81988,30.2609105,7.486067106,26.51253825,69.63293081,Food
P65819,30.12592401,29.01364109,26.59975096,48.91008176,Furniture
P21792,40.91506852,23.730867,28.04818586,16.15812336,Food
P58442,26.3504727,18.44242163,36.29863249,69.32371304,Electronics
P44275,39.56702317,11.6636447,33.75791405,112.9466442,Food
P41554,18.03793376,27.07236317,20.23601099,56.57907012,Toys
P70196,27.86557129,32.50311015,31.79259968,16.90446856,Furniture
P63460,29.11717952,24.50304688,19.50228124,80.68524415,Clothing
P07334,33.84065449,22.46440432,26.30969078,67.6178724,Toys
P45369,24.44522881,24.9360476,29.44289363,61.26367573,Electronics
P04252,25.28068134,12.51649038,27.55375921,47.57247987,Toys
P85585,30.05113457,20.16634966,23.83434478,62.65340223,Clothing
P47553,22.01702755,15.61370163,26.41985295,16.23238658,Furniture
P10835,22.97946906,23.49247843,24.14987157,66.37360141,Food
P59363,30.96995965,18.94994426,26.76518313,45.25083566,Toys
P80246,39.49554135,21.73420451,19.11491451,71.62990859,Clothing
P93108,35.15035267,25.38058961,18.04606499,92.20804238,Toys
P67486,36.54365656,15.64708798,25.3062467,35.58056176,Toys
P70018,51.53182458,30.48246997,9.856071753,31.75981571,Clothing
P67921,19.64757678,45.10198827,25.43740292,81.8026922,Electronics
P36661,14.44104354,18.36423023,24.48234022,20.70799854,Toys
P04006,14.96857047,21.95162558,24.68493151,45.97459368,Clothing
P45256,54.63242112,19.39753496,14.11470758,34.62877278,Clothing
P95842,52.52435805,27.12198001,20.70330364,48.66915633,Furniture
P86336,13.87284129,24.92293987,31.2568261,40.89307024,Toys
P56277,32.59722502,21.67727532,8.514859775,88.64227175,Clothing
P42022,30.10233061,29.84699611,10.86206689,45.65364314,Furniture
P88421,27.02436497,34.4744508,30.56997668,73.59218636,Clothing
P57071,26.57285483,14.83228657,39.84532805,99.05199184,Toys
P82464,38.13517217,36.50019935,29.26124709,10.52016394,Toys
P45553,31.66452208,2.773256641,39.4790277,40.11532099,Furniture
P02973,30.10233061,21.55685964,31.49021826,50.58143713,Furniture
P09665,24.00624977,17.32944408,30.12784321,19.46707073,Toys
P77070,31.32969674,18.16487405,21.88216145,77.77925302,Toys
P33883,27.52822617,16.05501742,7.220610059,38.6372049,Food
P90588,41.19574911,20.52409675,37.47714458,16.61263027,Furniture
P97363,34.91919172,20.26237596,17.77458,13.421466,Electronics
P16041,20.09463675,16.42142483,7.815795212,29.98432746,Clothing
P93670,29.37406872,15.68926515,16.30378312,134.7299177,Toys
P26339,25.15765927,30.98926836,26.33280478,58.84914367,Furniture
P54947,27.5096396,16.89185238,13.43874161,8.784955253,Toys
P84682,14.65885829,25.10440881,42.92397972,74.81346286,Toys
P49979,39.55142321,30.09537201,13.70378165,87.59398474,Clothing
P13044,28.2705394,14.90153802,9.320004766,30.93376704,Clothing
P37338,32.23787952,9.391618511,27.1870425,17.48297363,Food
P78355,39.7255445,20.27321934,18.16267194,70.96759055,Food
P02692,37.56988617,23.01127621,17.58458062,80.86306974,Furniture
P89833,22.94988144,10.95507732,24.17464578,34.43999841,Furniture
P74679,24.44800473,24.51684741,31.04378055,29.41850729,Electronics
P93505,17.90305257,27.61159422,40.29492385,54.817683,Furniture
P62900,31.39126122,17.92362658,31.81745634,45.97459368,Clothing
P19385,28.69856946,12.10256378,45.8803665,41.6147761,Furniture
P90078,35.19346514,18.92553007,14.62000837,35.72613668,Food
P89616,48.82024496,19.84591696,7.195972756,42.27138543,Furniture
P83287,45.47505201,7.82112651,24.93659513,51.85650059,Food
P14948,31.97910783,22.62303619,19.78788301,4.430906576,Toys
P96209,39.54001763,2.618643632,40.005017,62.28908356,Clothing
P32700,33.46448209,22.60637053,21.6771352,68.79840912,Clothing
P94938,28.41992101,25.38288989,22.87627012,61.77902347,Furniture
P92037,33.47581705,15.19661147,34.62794309,62.47510509,Toys
P22692,29.40474644,25.93701993,25.41402473,70.06520392,Electronics
P49130,20.33023857,35.94012283,53.36851061,52.48318711,Clothing
P84774,29.00824136,25.51766244,3.487260693,33.76979403,Furniture
P62322,48.46707326,13.93203732,29.82661819,50.69587936,Toys
P70038,29.44230922,24.98168979,17.0100744,75.59604635,Toys
P05836,30.10233061,16.91982551,26.31252823,17.98156282,Furniture
P95658,17.52216818,13.25402724,42.47095693,57.48644569,Food
P23830,18.02122107,21.78591131,14.45511087,65.09271106,Electronics
P72330,35.07835756,20.05545201,5.03487016,17.02865745,Toys
P90172,34.96714153,26.22688861,7.829731979,21.23664631,Electronics
P60143,31.20031327,24.85480475,22.66179873,50.39130123,Furniture
P35777,15.21413754,18.88442979,17.66161935,60.03315545,Electronics
P17898,32.07687687,27.83086441,21.28827564,63.70064032,Clothing
P81427,29.45705133,13.3720238,26.48638544,43.65847311,Clothing
P92910,33.46503882,18.12303544,34.48587194,20.05363224,Toys
P14726,11.63794627,13.84003147,20.88130076,46.7908559,Electronics
P02436,32.79968626,20.3273534,23.38816043,48.80316849,Clothing
P93843,29.43054376,18.02379439,24.04296698,14.03145806,Furniture
P91490,27.2727643,31.91890751,14.97358195,53.70439427,Electronics
P30230,18.93474091,21.84560725,17.56911685,34.12396971,Electronics
P98631,31.19370924,17.32179734,25.37193069,29.6230804,Toys
P26037,24.26299996,43.88207202,12.18685627,30.15375672,Food
P06330,40.31844539,25.32739402,13.61951434,30.29931963,Toys
P77975,36.81500697,20.05545201,26.90884018,72.76473248,Toys
P24616,39.19076483,24.58502251,15.50419569,142.948983,Furniture
P90525,36.48709888,8.402838242,34.01468643,74.09464228,Clothing
P09868,30.87047068,7.078945473,31.97639945,14.69113662,Toys
P69918,24.86133083,19.39753496,21.51070075,38.42982107,Clothing
P70699,39.63879117,14.06012614,27.48923355,54.07578272,Food
P20173,32.96120277,24.95323409,34.37552198,41.67367231,Furniture
P70444,22.95656309,25.75806354,16.75311173,54.48368269,Clothing
P49888,43.53872374,32.78917736,38.40201797,16.39857733,Clothing
P96807,30.28744823,15.62655932,40.02162573,66.03094696,Furniture
P80693,21.77779604,18.97169991,31.35471022,25.80869213,Electronics
P88769,48.48956095,18.59316476,28.67247562,118.2747628,Toys
P57230,41.96631487,4.701960197,27.90866934,79.27140133,Food
P74766,33.64961002,25.34672391,21.64591974,26.60648788,Clothing
P05400,29.27989878,20.53592574,40.79439764,75.5740593,Clothing
P51586,33.42725346,15.35957407,24.16350214,31.14037085,Toys
P16332,20.79326407,14.94737817,22.37417231,7.855491682,Electronics
P39667,39.59270826,26.23728426,41.26476979,56.98604262,Electronics
P13671,39.9801011,4.987578352,11.49800325,44.35392684,Food
P42538,36.25667348,23.22984072,33.80579901,43.06097171,Food
P50611,46.87141635,14.86814724,16.67892297,55.77790756,Food
P63188,26.98896304,16.34322995,27.01794764,32.0699695,Furniture
P89719,35.50052099,26.05430944,21.25037225,11.95589585,Toys
P92507,40.94191518,20.52409675,19.30520473,52.93481524,Furniture
P91859,37.85800159,15.15311343,37.26306567,108.7951176,Clothing
P06281,28.7421308,28.91457356,31.87626803,49.57188941,Food
P12329,36.32931818,23.26922249,23.24148684,41.75464098,Clothing
P96620,33.8531738,35.51143199,8.079909695,44.05412971,Food
P95422,36.06009951,23.77925022,27.76851401,74.81708323,Clothing
P52906,17.72392185,27.53048465,28.04161775,19.76264914,Toys
P41994,36.69672549,17.04311731,14.73092341,81.2018546,Furniture
P75990,41.67782062,20.26237596,28.1203898,60.24980696,Electronics
P82317,30.2609105,16.66106549,17.71557261,45.18741854,Food
P78224,37.10959968,16.56604464,36.47851664,22.46071686,Clothing
P79629,32.49383684,11.01964155,34.0852461,27.0743964,Food
P36701,36.38592459,26.45698077,38.47688515,12.91592612,Furniture
P84526,26.75168616,24.42600976,25.75751407,29.85463379,Clothing
P92481,14.43370826,12.34850899,23.73662447,121.451406,Toys
P91527,37.67434729,27.64244167,11.0742641,49.57188941,Food
P61787,60.78880808,13.81697866,35.38231309,61.68813572,Furniture
P52624,46.4201516,14.73732357,33.91149615,23.72472781,Toys
P28087,30.28318376,25.20360074,16.0597717,70.88968586,Toys
P31981,25.49934529,19.14158285,28.92377851,69.33555475,Food
P03178,30.56649925,22.59487425,22.02289698,29.01514339,Electronics
P73200,34.19532444,13.22947218,31.80908207,68.69262044,Clothing
P33023,47.70800636,22.55721461,36.73157139,33.56284087,Food
P79148,25.625417,21.59848347,34.48502397,64.5892998,Electronics
P97913,23.30927261,12.507949,3.655065752,1.465981586,Toys
P64961,21.12507822,24.34783503,12.44954438,57.19573238,Toys
P51592,35.14438834,19.39753496,43.42175976,25.29395088,Clothing
P49590,29.96397461,15.60354291,27.18593812,21.52920366,Furniture
P49477,22.14010539,16.10237663,17.98816535,45.85752996,Clothing
P90657,24.47776956,5.790118137,18.48408701,4.211241848,Furniture
P23894,20.91975924,11.80650541,20.93957027,60.45025218,Electronics
P55691,50.10204539,29.88649296,33.96506393,97.66820985,Furniture
P65298,16.48315394,32.08923944,27.96196101,33.8427898,Toys
P81924,29.27171087,21.60927725,33.0432792,21.49809508,Toys
P84729,30.57013125,18.59548844,27.35860128,73.93552104,Food
P46533,36.62881269,27.97256408,12.78757987,10.37364934,Food
P05314,34.53534302,22.49046939,36.4470318,58.95355442,Toys
P39822,31.13517345,8.749460291,17.24467237,58.37251575,Toys
P35444,41.05525933,25.63605232,19.53118289,40.38844822,Toys
P86395,42.38283071,18.50483073,29.32670122,0.002902204,Food
P00634,37.71698711,11.88883238,31.74910215,18.63411543,Electronics
P80322,32.85865391,15.7135883,27.87572204,90.89686925,Toys
P30070,41.59329803,23.69738133,32.55521654,48.76121939,Clothing
P94220,29.83577104,16.69227871,11.20569496,68.26206767,Food
P16469,24.64764788,9.420336346,30.69994143,45.74727338,Furniture
P42607,23.18015752,31.54905603,31.75989509,47.14568016,Toys
P64182,34.4770856,23.77601817,26.67774553,43.89616577,Electronics
P09745,47.95877673,28.901507,23.05951379,22.17340008,Toys
P84340,28.15097864,23.90297828,22.99551369,77.77016629,Furniture
P32275,43.84272819,26.7853937,22.32361529,70.817697,Electronics
P56634,31.19370924,4.165601517,19.5338101,99.91198496,Toys
P36079,44.41273289,20.34881957,23.05899126,50.45548828,Clothing
P89111,28.61735699,15.59051427,17.2565349,9.424739317,Clothing
P81275,18.04116938,5.435173596,25.96699937,60.13866662,Furniture
P67257,50.13387248,26.14565773,27.91906189,8.027647154,Food
P03557,30.2609105,22.52924766,28.23528218,5.178866201,Food
P62855,37.07751935,22.78141187,34.01642368,88.72275272,Food
P75122,46.76437312,29.88904577,36.80785365,43.40991643,Clothing
P30988,23.48399652,17.57456174,42.20277178,64.20222247,Clothing
P45418,6.980788353,0,24.27209352,47.56862106,Clothing
P12972,40.37539944,28.3128943,36.33309916,46.54670918,Toys
P01175,23.47376021,8.951643175,25.78027929,34.99406549,Food
P34665,38.83659937,23.4636786,21.2640974,0.135093175,Toys
P59153,24.00607355,32.92466259,35.71493735,91.21743156,Electronics
P63762,29.66873027,28.93919053,18.34565733,62.94894889,Toys
P70694,48.65774511,21.34768781,13.86316026,40.54110034,Furniture
P68609,26.97530314,33.00767132,29.52926858,93.33236585,Furniture
P74540,37.18953311,22.63606988,28.13735608,81.80431456,Clothing
P08444,45.94505063,20.12494667,20.36695593,93.43389255,Clothing
P90610,18.70293145,16.7257405,38.05901294,0.768124949,Food
P34534,41.58110874,11.27680738,24.97836543,52.53515437,Furniture
P08494,31.81866255,15.5957052,25.64128375,78.68885006,Electronics
P46120,41.87030306,26.3124535,23.76420131,3.381967915,Electronics
P65627,34.25457562,33.75502325,39.76553107,63.51839148,Clothing
P41838,33.57112572,29.1890988,26.26323883,20.46397849,Furniture
P22893,41.73473857,16.26803697,27.00837749,73.14205385,Electronics
P11010,19.37696286,14.85160134,9.419188269,61.59147962,Food
P98940,30.56649925,20.26237596,25.43740292,64.78651916,Electronics
P53410,31.97599605,24.37811838,12.34993252,47.14568016,Toys
P14559,27.30125065,25.36384494,26.48638544,76.67461474,Clothing
P99728,15.69858622,18.5929135,21.59792891,42.41710235,Electronics
P26318,18.49006423,35.07669045,26.71381501,8.363943486,Toys
P36495,43.28194142,15.7173193,18.98489325,65.17206297,Furniture
P60018,36.0789651,24.4118102,24.21308204,38.52642807,Toys
P19215,30.13001892,29.73726817,11.79893328,70.78307096,Furniture
P48179,23.48643106,10.81846888,18.14780257,75.00809615,Clothing
P49489,32.67392314,17.12296262,16.13810694,65.30373084,Furniture
P21048,33.2271856,22.30954903,29.12351303,53.92070073,Toys
P26701,26.90453561,14.70414258,22.16421942,37.14036419,Clothing
P24607,17.90358981,16.38672419,34.31899075,18.73185236,Electronics
P73820,54.5530014,13.09779389,20.83354439,16.0373042,Food
P30645,21.81779317,20.26237596,11.05935527,24.62980687,Electronics
P95227,36.58544273,11.06780448,26.2589851,35.33341643,Toys
P09994,32.43339449,14.47567158,24.14658192,7.791697985,Furniture
P37150,35.22835488,21.40169135,44.52942929,27.62173621,Electronics
P48425,22.46263836,24.37386855,21.25629765,51.06698222,Electronics
P46162,24.74244978,15.26028593,34.24287637,64.26096832,Electronics
P79337,32.03463636,26.89914778,24.42234255,45.58384164,Clothing
P82330,31.77701001,6.19354617,23.64711586,30.767562,Toys
P26549,45.02357052,41.15474678,45.45191248,36.20706153,Food
P54433,47.54794182,22.84490679,37.16982411,34.82101403,Electronics
P93056,22.87154217,32.64432549,35.73461649,73.83801149,Electronics
P94931,28.85263559,18.64942621,50.8156275,64.87415063,Electronics
P59859,20.66732041,12.90655262,25.29166312,29.06843288,Toys
P44681,16.51814578,25.95353577,10.25773848,43.25440833,Electronics
P23689,26.25179192,17.86678137,27.3829778,56.41426382,Clothing
P26911,31.86766764,12.80972761,5.406414582,32.0053393,Toys
P72666,40.53641797,19.90328842,20.96597845,5.510467041,Clothing
P58708,29.35861653,16.45564783,18.38319069,25.67318191,Toys
P33205,34.74698233,15.6036778,20.8187703,43.08015,Furniture
P86501,52.10523002,16.11755332,25.07700473,48.42484794,Food
P68484,41.03301882,22.12702584,23.5766154,65.1286356,Electronics
P93390,27.51035852,11.41805579,28.83259293,67.62175099,Furniture
P03091,36.15935607,9.094607963,34.51631475,32.26145634,Toys
P78549,37.70865194,29.6310755,19.25545546,81.11476696,Electronics
P68111,43.45420046,17.89687337,25.42241412,47.9109964,Furniture
P41959,37.5896922,19.27573374,41.03619018,48.86320755,Furniture
P14010,35.70598669,9.529436807,39.66249728,2.018157134,Furniture
P72313,30.82283989,15.53358597,21.42088276,44.18883861,Food
P47456,33.81935452,28.77175387,36.80050748,85.02529469,Food
P14077,25.20825762,19.82906165,27.85707935,17.89425311,Food
P37234,29.7269546,13.29131361,20.26932159,30.28595113,Food
P60587,46.77700814,17.31889775,37.91578659,67.38040279,Electronics
P95950,33.41151975,12.62071852,31.98425122,18.34676974,Food
P69100,30.75804558,27.62509307,39.3085508,67.63567664,Electronics
P94901,13.72457562,34.40408945,23.21856044,19.04101148,Toys
P11434,39.81765487,21.37471472,19.15155803,91.35402066,Electronics
P29736,52.90942573,12.83944126,29.31844332,22.32761045,Toys
P69729,32.96984673,40.71650914,16.93021995,43.11853004,Electronics
P58119,22.84696291,20.05545201,32.01414104,97.78009995,Toys
P62133,34.95681888,19.94782948,11.22584731,52.79475013,Toys
P78739,21.71004989,35.20952549,28.04697589,65.21060816,Toys
P79740,39.64087168,28.57234522,21.50581252,71.21097079,Toys
P86390,39.96266819,40.96634473,20.98650658,20.60223276,Electronics
P03913,25.22342553,19.33685497,30.43708801,28.82679551,Food
P26671,34.29618219,33.91119731,30.2754922,97.2120265,Furniture
P13280,16.17200269,14.04077884,21.78994179,24.55803206,Toys
P15992,18.93665026,0.606077918,24.15951827,23.11002024,Toys
P69060,28.52942618,22.8920282,12.92085026,52.7893774,Furniture
P40412,31.86454315,11.45757663,13.70569599,51.02024289,Clothing
P82990,33.75698018,32.34594823,26.48638544,72.91581055,Clothing
P55116,24.70239796,20.05545201,7.440083224,36.21029683,Toys
P59237,68.52731491,12.20376556,29.06102787,48.83771315,Furniture
P55539,24.23489599,29.74367322,28.63791579,8.552248446,Furniture
P05874,25.7311893,24.73451307,31.69767139,63.60756571,Food
P96758,23.53063222,15.10210612,29.25367311,8.539472939,Clothing
P45639,22.92330534,27.62299638,18.59001313,88.4281873,Electronics
P83221,28.8767195,24.44483573,26.57758101,30.32936842,Clothing
P85347,70.19010106,21.57852566,26.74646749,188.5545774,Toys
P24321,38.12525822,25.89475118,24.44328138,73.75577931,Toys
P69868,22.81592734,23.99891299,32.18059402,75.70212264,Toys
P13032,33.57015486,21.70557303,14.13680517,45.49649146,Clothing
P00464,29.73486125,7.49447353,22.45174993,10.59781996,Electronics
P25274,26.1491772,18.37061,18.61503098,75.18047343,Furniture
P66981,38.40643549,13.71211174,28.12805452,38.79894725,Toys
P29690,28.44322765,13.06295827,10.88926517,60.53496403,Clothing
P11441,31.74577813,32.99742767,30.1515128,64.67763605,Clothing
P82848,30.1035262,34.66045635,21.31622373,23.05936995,Toys
P82418,32.57550391,22.58463418,29.05543072,70.59060665,Food
P68405,30.58208718,24.1112628,21.64912852,53.78942598,Electronics
P60314,31.19370924,15.61384964,6.674015474,57.29403965,Toys
P61501,25.79015519,21.54871929,24.5162334,37.28329873,Food
P62471,45.30750832,6.369027305,31.13226094,42.9065349,Food
P23308,25.21251378,18.53442705,7.283462079,24.45013477,Furniture
P25864,24.46411758,22.73870268,21.8742794,92.36080636,Electronics
P98968,36.47688538,13.45440893,21.2775502,2.492348306,Toys
P05988,14.76813095,24.11403805,21.97251749,69.67676413,Furniture
P12329,48.46636996,15.97620184,21.29001329,72.66997516,Food
P17733,37.53341621,27.45753251,14.58595043,46.30590694,Food
P70831,25.36582307,10.86648709,24.1572743,45.97459368,Clothing
P06660,23.5648177,25.48406191,26.80413668,42.95227185,Clothing
P14782,43.6414043,30.63146656,30.14061466,68.38372225,Electronics
P30639,24.93056825,20.74275921,36.07000515,45.75054242,Clothing
P27292,23.11849655,11.2645288,29.73883015,49.2121762,Furniture
P70605,0,20.60346911,16.85847063,70.15833823,Electronics
P23426,27.58763942,12.67046468,29.63764889,36.74453218,Electronics
P53336,38.33922155,26.26712407,27.84722489,13.49309869,Electronics
P00350,33.4361829,26.12864223,28.8294094,62.31650256,Electronics
P66104,33.5778736,22.80504079,26.66657983,20.21401997,Clothing
P20939,33.71145873,17.37684227,14.99577775,83.65584514,Food
P47299,32.79021526,22.17196249,24.17339712,69.33786297,Toys
P41316,29.25566571,25.33050001,6.319707918,47.14568016,Toys
P63473,31.22297503,36.09816357,16.13014359,51.75110872,Electronics
P92737,43.56240029,17.74937954,27.8943389,32.88078709,Electronics
P43240,48.52278185,5.852485075,19.07576429,78.35634604,Furniture
P65094,17.48886424,20.15318222,27.99346759,39.8931462,Food
P84174,45.29550319,20.15693326,19.29142737,75.31518529,Electronics
P83070,48.86185901,20.98136253,13.36172611,39.64505884,Clothing
P34950,15.36485052,11.92215436,36.51518438,54.74267676,Toys
P27317,15.519861,19.81158279,32.98753571,53.21172359,Toys
P49644,34.56753219,21.915236,26.48638544,41.67459143,Clothing
P02040,9.266097676,19.39753496,32.85083842,11.79243354,Clothing
P22317,13.45143328,15.41118582,27.40136557,51.50683097,Furniture
P13666,36.8626019,25.91048385,37.3348253,50.78614258,Toys
P55840,19.9837999,9.947944846,6.414252584,62.92587257,Electronics
P99959,37.34877786,20.52409675,29.5012873,116.9449673,Furniture
P34868,28.07639035,18.55616069,28.50080856,51.6759182,Toys
P14326,23.49357431,4.851082664,20.48394226,71.98487245,Food
P36721,30.56649925,20.30590396,30.1480565,49.91641668,Electronics
P93938,44.0934744,26.23149203,27.42365277,14.04823625,Furniture
P62446,8.466098864,32.15427139,35.15002226,52.48962256,Toys
P60412,27.30593166,16.27751635,29.70025572,96.03446305,Clothing
P19301,24.55080913,19.39753496,27.52908325,44.7411641,Clothing
P81625,33.66598246,23.01680315,23.99642056,27.80686508,Toys
P21900,19.03724913,17.03593521,28.49538156,31.77293625,Toys
P16260,23.62612873,25.46855459,36.66456756,55.02710317,Toys
P67964,40.53802052,28.87759874,36.50979232,67.33935571,Toys
P08167,31.17327383,20.26237596,34.55233868,2.123180943,Electronics
P36933,16.33121302,15.13699791,16.53640975,22.3564693,Furniture
P11472,31.81021559,25.12383836,29.96697375,50.03329834,Food
P91631,23.26509376,25.00406413,41.70982693,63.51487171,Electronics
P27049,23.46670767,24.00875336,18.40159423,47.14568016,Toys
P18789,34.12931454,19.73416007,29.52505984,49.57188941,Food
P68088,31.19370924,17.434659,16.05523593,41.8276995,Toys
P72987,32.23914134,24.97655992,0,46.85096877,Toys
P91790,37.32640077,26.78744706,36.11276723,83.74797636,Toys
P72402,33.14247333,25.04649348,0,60.32161765,Clothing
P05087,15.21088431,29.43780167,30.32297937,40.97059063,Clothing
P16875,30.59218434,15.06910874,28.27726266,49.67398589,Electronics
P16604,27.18899707,26.50564149,25.25611823,11.7295202,Food
P39416,70.19010106,22.36499591,33.4706368,188.5545774,Furniture
P80392,35.38755992,27.16284345,31.83563399,20.5602219,Food
P22058,21.79317682,15.1374241,24.5162334,35.86052837,Food
P85087,24.83955272,12.01551498,10.59756006,40.61994663,Toys
P83147,37.17542256,19.15241317,24.11876278,83.67122656,Furniture
P74069,24.08428611,24.06980019,28.25494955,69.56991015,Electronics
P11180,36.4719594,12.65050791,0,56.31488897,Toys
P27225,33.2875111,17.06377729,35.97073711,77.56744564,Toys
P31507,40.14370065,25.49054766,12.86757599,75.13491606,Toys
P50604,24.48141854,32.13115244,28.55878887,66.13304571,Toys
P24563,36.10370265,7.890284859,15.76822585,28.76267178,Toys
P44079,30.46980594,22.95713754,24.11039319,38.80195262,Food
P91379,27.9641964,23.70630824,33.0286084,20.2226598,Toys
P62000,13.31415926,12.58895096,12.2539565,27.5248482,Electronics
P56154,33.01547342,45.54486054,27.26326248,40.71050858,Furniture
P17216,45.65524029,28.99482688,14.38567791,26.86399101,Food
P94537,23.96014813,21.24152547,24.67756979,44.39963113,Electronics
P13285,35.93101258,21.51764934,32.849773,5.397191434,Food
P74710,34.92451264,28.77722169,32.45406721,100.2457902,Toys
